CYGOLO,Cygnus olor,,kyhmyjoutsen,knölsvan,Mute Swan,Sorsalinnut,Sorsat,https://cdn.pixabay.com/photo/2018/04/07/17/19/swan-3299015__340.jpg
CYGCOL,Cygnus columbianus,,pikkujoutsen,mindre sångsvan,Bewick's Swan,Sorsalinnut,Sorsat,https://cdn.pixabay.com/photo/2019/11/12/00/30/swan-4619782__340.jpg
CYGCYG,Cygnus cygnus,,laulujoutsen,sångsvan,Whooper Swan,Sorsalinnut,Sorsat,https://cdn.pixabay.com/photo/2019/03/25/16/38/swan-4080681__340.jpg
ANSFAB,Anser fabalis,,metsähanhi,sädgås,Bean Goose,Sorsalinnut,Sorsat,https://cdn.pixabay.com/photo/2014/04/21/22/08/bean-goose-329430__340.jpg
ANSBRA,Anser brachyrhynchus,,lyhytnokkahanhi,spetsbergsgås,Pink-footed Goose,Sorsalinnut,Sorsat,https://cdn.pixabay.com/photo/2018/04/20/01/47/goose-3334889__480.jpg
ANSALB,Anser albifrons,,tundrahanhi,bläsgås,White-fronted Goose,Sorsalinnut,Sorsat,https://cdn.pixabay.com/photo/2021/03/09/16/13/white-fronted-geese-6082265__340.jpg
ANSERY,Anser erythropus,,kiljuhanhi,fjällgås,Lesser White-fronted Goose,Sorsalinnut,Sorsat,https://cdn.pixabay.com/photo/2015/11/21/12/59/goose-1054842__480.jpg
ANSANS,Anser anser,,merihanhi,grågås,Greylag Goose,Sorsalinnut,Sorsat,https://cdn.pixabay.com/photo/2018/06/15/20/58/goose-3477674__480.jpg
ANSIND,Anser indicus,C,tiibetinhanhi,stripgås,Bar-headed Goose,Sorsalinnut,Sorsat,https://cdn.pixabay.com/photo/2021/08/02/04/36/bar-headed-goose-6515827__340.jpg
BRACAN,Branta canadensis,C,kanadanhanhi,kanadagås,Canada Goose,Sorsalinnut,Sorsat,https://cdn.pixabay.com/photo/2020/12/02/12/03/canada-goose-5797336__340.jpg
BRAHUT,Branta hutchinsii,,pikkukanadanhanhi,dvärgkanadagås,Cackling Goose,Sorsalinnut,Sorsat,https://cdn.pixabay.com/photo/2021/03/31/15/54/tundra-goose-6139869__480.jpg
BRALEU,Branta leucopsis,,valkoposkihanhi,vitkindad gås,Barnacle Goose,Sorsalinnut,Sorsat,https://cdn.pixabay.com/photo/2020/06/06/16/48/barnacle-goose-5267333__340.jpg
BRABER,Branta bernicla,,sepelhanhi,prutgås,Brant Goose,Sorsalinnut,Sorsat,https://cdn.pixabay.com/photo/2013/02/27/14/34/brent-goose-86582__480.jpg
BRARUF,Branta ruficollis,,punakaulahanhi,rödhalsad gås,Red-breasted Goose,Sorsalinnut,Sorsat,https://cdn.pixabay.com/photo/2018/04/23/22/16/wildlife-3345780__480.jpg
TADFER,Tadorna ferruginea,,ruostesorsa,rostand,Ruddy Shelduck,Sorsalinnut,Sorsat,https://cdn.pixabay.com/photo/2013/04/22/20/02/ruddy-shelduck-106544__480.jpg
TADTAD,Tadorna tadorna,,ristisorsa,gravand,Common Shelduck,Sorsalinnut,Sorsat,https://cdn.pixabay.com/photo/2018/08/03/15/03/common-shelduck-3582082__340.jpg
AIXGAL,Aix galericulata,C,mandariinisorsa,mandarinand,Mandarin Duck,Sorsalinnut,Sorsat,https://cdn.pixabay.com/photo/2015/05/20/14/48/mandarin-duck-775558__340.jpg
ANAPEN,Anas penelope,,haapana,bläsand,Eurasian Wigeon,Sorsalinnut,Sorsat,https://cdn.pixabay.com/photo/2020/01/20/23/50/wigeon-duck-4781750__340.jpg
ANAAME,Anas americana,,amerikanhaapana,amerikansk bläsand,American Wigeon,Sorsalinnut,Sorsat,
ANASTR,Anas strepera,,harmaasorsa,snatterand,Gadwall,Sorsalinnut,Sorsat,https://cdn.pixabay.com/photo/2019/05/13/18/38/gadwall-4200627__340.jpg
ANAFOR,Anas formosa,,siperiantavi,gulkindad kricka,Baikal Teal,Sorsalinnut,Sorsat,
ANACRE,Anas crecca,,tavi,kricka,Eurasian Teal,Sorsalinnut,Sorsat,https://cdn.pixabay.com/photo/2017/03/20/21/39/animal-2160439__340.jpg
ANACAR,Anas carolinensis,,amerikantavi,amerikansk kricka,Green-winged Teal,Sorsalinnut,Sorsat,
ANAPLA,Anas platyrhynchos,,sinisorsa,gräsand,Mallard,Sorsalinnut,Sorsat,https://cdn.pixabay.com/photo/2018/09/23/21/40/duck-3698610__340.jpg
ANARUB,Anas rubripes,,nokisorsa,svartand,Black Duck,Sorsalinnut,Sorsat,https://cdn.pixabay.com/photo/2020/07/31/05/34/bird-5451983__480.jpg
ANAACU,Anas acuta,,jouhisorsa,stjärtand,Northern Pintail,Sorsalinnut,Sorsat,https://cdn.pixabay.com/photo/2022/05/12/22/09/duck-7192470__340.jpg
ANAQUE,Anas querquedula,,heinätavi,årta,Garganey,Sorsalinnut,Sorsat,https://cdn.pixabay.com/photo/2022/03/30/13/41/bird-7101197__340.jpg
ANADIS,Anas discors,,sinisiipitavi,blåvingad årta,Blue-winged Teal,Sorsalinnut,Sorsat,https://cdn.pixabay.com/photo/2021/04/05/20/41/blue-winged-teal-6154603__340.jpg
ANACLY,Anas clypeata,,lapasorsa,skedand,Northern Shoveler,Sorsalinnut,Sorsat,https://cdn.pixabay.com/photo/2022/02/14/10/48/bird-7012892__340.jpg
NETRUF,Netta rufina,,punapäänarsku,rödhuvad dykand,Red-crested Pochard,Sorsalinnut,Sorsat,https://cdn.pixabay.com/photo/2021/10/16/10/32/anade-6714685__480.jpg
AYTFER,Aythya ferina,,punasotka,brunand,Common Pochard,Sorsalinnut,Sorsat,https://cdn.pixabay.com/photo/2018/11/20/05/04/pochard-3826533__340.jpg
AYTCOL,Aythya collaris,,amerikantukkasotka,ringand,Ring-necked Duck,Sorsalinnut,Sorsat,https://cdn.pixabay.com/photo/2016/03/07/19/13/duck-1242811_960_720.jpg
AYTNYR,Aythya nyroca,,ruskosotka,vitögd dykand,Ferruginous Duck,Sorsalinnut,Sorsat,https://cdn.pixabay.com/photo/2017/06/16/09/11/ferruginous-duck-2408352__340.jpg
AYTFUL,Aythya fuligula,,tukkasotka,vigg,Tufted Duck,Sorsalinnut,Sorsat,https://cdn.pixabay.com/photo/2020/02/02/21/06/tufted-duck-4814171__340.jpg
AYTMAR,Aythya marila,,lapasotka,bergand,Greater Scaup,Sorsalinnut,Sorsat,https://cdn.pixabay.com/photo/2019/07/22/23/43/greater-scaup-4356282__480.jpg
AYTAFF,Aythya affinis,,pikkulapasotka,mindre bergand,Lesser Scaup,Sorsalinnut,Sorsat,https://cdn.pixabay.com/photo/2021/09/17/18/27/lesser-scaup-6633424__480.jpg
SOMMOL,Somateria mollissima,,haahka,ejder,Common Eider,Sorsalinnut,Sorsat,https://cdn.pixabay.com/photo/2021/04/08/18/31/eider-6162542__340.jpg
SOMSPE,Somateria spectabilis,,kyhmyhaahka,praktejder,King Eider,Sorsalinnut,Sorsat,
POLSTE,Polysticta stelleri,,allihaahka,alförrädare,Steller's Eider,Sorsalinnut,Sorsat,
HISHIS,Histrionicus histrionicus,,virta-alli,strömand,Harlequin Duck,Sorsalinnut,Sorsat,https://cdn.pixabay.com/photo/2021/12/03/12/05/birds-6842636__340.jpg
CLAHYE,Clangula hyemalis,,alli,alfågel,Long-tailed Duck,Sorsalinnut,Sorsat,https://cdn.pixabay.com/photo/2014/02/19/23/56/long-tailed-duck-270317__480.jpg
MELNIG,Melanitta nigra,,mustalintu,sjöorre,Common Scoter,Sorsalinnut,Sorsat,
MELAME,Melanitta americana,,amerikanmustalintu,amerikansk sjöorre,Black Scoter,Sorsalinnut,Sorsat,
MELPER,Melanitta perspicillata,,pilkkaniska,vitnackad svärta,Surf Scoter,Sorsalinnut,Sorsat,
MELFUS,Melanitta fusca,,pilkkasiipi,svärta,Velvet Scoter,Sorsalinnut,Sorsat,
MELDEG,Melanitta deglandi,,kyhmypilkkasiipi,knölsvärta,White-winged Scoter,Sorsalinnut,Sorsat,
BUCCLA,Bucephala clangula,,telkkä,knipa,Common Goldeneye,Sorsalinnut,Sorsat,https://cdn.pixabay.com/photo/2016/04/22/17/04/haddock-duck-1346117__480.jpg
MERALB,Mergellus albellus,,uivelo,salskrake,Smew,Sorsalinnut,Sorsat,https://cdn.pixabay.com/photo/2018/04/05/10/32/wild-animals-3292452__480.jpg
MERSER,Mergus serrator,,tukkakoskelo,småskrake,Red-breasted Merganser,Sorsalinnut,Sorsat,https://cdn.pixabay.com/photo/2021/04/08/21/37/red-breasted-merganser-6162883__340.jpg
MERMER,Mergus merganser,,isokoskelo,storskrake,Goosander,Sorsalinnut,Sorsat,https://cdn.pixabay.com/photo/2020/11/22/12/30/goosander-5766455__340.jpg
OXYJAM,Oxyura jamaicensis,C,kuparisorsa,amerikansk kopparand,Ruddy Duck,Sorsalinnut,Sorsat,https://cdn.pixabay.com/photo/2020/07/16/01/01/duck-5409308__340.jpg
CYGATR,Cygnus atratus,E,mustajoutsen,svart svan,Black Swan,Sorsalinnut,Sorsat,https://cdn.pixabay.com/photo/2018/04/22/12/32/swan-3340932__340.jpg
ANSCYG,Anser cygnoides,E,joutsenhanhi,svangås,Swan Goose,Sorsalinnut,Sorsat,https://cdn.pixabay.com/photo/2016/11/05/20/25/suhonos-1801356__340.jpg
ANSCAE,Anser caerulescens,E,lumihanhi,snögås,Snow Goose,Sorsalinnut,Sorsat,https://cdn.pixabay.com/photo/2020/12/04/13/11/snow-goose-5803158__480.jpg
ANSROS,Anser rossii,E,eskimohanhi,dvärgsnögås,Ross's Goose,Sorsalinnut,Sorsat,
ALOAEG,Alopochen aegyptiaca,E,afrikanhanhi,nilgås,Egyptian Goose,Sorsalinnut,Sorsat,https://cdn.pixabay.com/photo/2019/09/28/13/20/nilgans-4510759__340.jpg
AIXSPO,Aix sponsa,E,morsiosorsa,brudand,Wood Duck,Sorsalinnut,Sorsat,https://cdn.pixabay.com/photo/2016/06/29/13/00/duck-1486716__480.jpg
ANASIB,Anas sibilatrix,E,patagonianhaapana,chilebläsand,Chiloe Wigeon,Sorsalinnut,Sorsat,
ANAFAL,Anas falcata,D,sirppisorsa,praktand,Falcated Duck,Sorsalinnut,Sorsat,https://cdn.pixabay.com/photo/2017/06/13/23/51/falcated-2400586__340.jpg
ANABAH,Anas bahamensis,E,valkoposkisorsa,bahamaand,Bahama Pintail,Sorsalinnut,Sorsat,https://cdn.pixabay.com/photo/2018/04/17/09/45/shilokhvost-3327079__340.jpg
ANACYA,Anas cyanoptera,E,punatavi,kanelårta,Cinnamon Teal,Sorsalinnut,Sorsat,https://cdn.pixabay.com/photo/2020/06/19/00/11/cinnamon-5315322__480.jpg
BUCALB,Bucephala albeola,D,pikkutelkkä,buffelhuvud,Bufflehead,Sorsalinnut,Sorsat,https://cdn.pixabay.com/photo/2020/03/05/00/12/duck-4903047__480.jpg
MERCUC,Mergus cucullatus,D,harjakoskelo,kamskrake,Hooded Merganser,Sorsalinnut,Sorsat,https://cdn.pixabay.com/photo/2020/04/18/23/28/hooded-merganser-5061356__480.jpg
COTCOT,Coturnix coturnix,,viiriäinen,vaktel,Common Quail,Kanalinnnut,Aitokanat,https://cdn.pixabay.com/photo/2014/10/27/01/12/quail-504658__340.jpg
TETBON,Tetrastes bonasia,,pyy,järpe,Hazel Grouse,Kanalinnnut,Aitokanat,
LAGLAG,Lagopus lagopus,,riekko,dalripa,Willow Ptarmigan,Kanalinnnut,Aitokanat,https://cdn.pixabay.com/photo/2020/03/18/07/50/lagopus-muta-4943115__340.jpg
LAGMUT,Lagopus muta,,kiiruna,fjällripa,Rock Ptarmigan,Kanalinnnut,Aitokanat,https://cdn.pixabay.com/photo/2019/05/24/17/48/rock-ptarmigan-4226804_960_720.jpg
TETRIX,Tetrao tetrix,,teeri,orre,Black Grouse,Kanalinnnut,Aitokanat,https://cdn.pixabay.com/photo/2019/04/14/11/14/black-grouse-4126537__340.jpg
TETURO,Tetrao urogallus,,metso,tjäder,Capercaillie,Kanalinnnut,Aitokanat,https://cdn.pixabay.com/photo/2021/05/29/06/36/birds-6292604__340.jpg
PERPER,Perdix perdix,,peltopyy,rapphöna,Grey Partridge,Kanalinnnut,Aitokanat,https://cdn.pixabay.com/photo/2022/02/01/12/00/partridge-6986168__480.jpg
PHACOL,Phasianus colchicus,C,fasaani,fasan,Common Pheasant,Kanalinnnut,Aitokanat,https://cdn.pixabay.com/photo/2015/05/13/13/26/pheasant-765448__340.jpg
GAVSTE,Gavia stellata,,kaakkuri,smålom,Red-throated Diver,Kuikkalinnut,Kuikat,
GAVARC,Gavia arctica,,kuikka,storlom,Black-throated Diver,Kuikkalinnut,Kuikat,
GAVPAC,Gavia pacifica,,tundrakuikka,stillahavslom,Pacific Diver,Kuikkalinnut,Kuikat,
GAVIMM,Gavia immer,,amerikanjääkuikka,svartnäbbad islom,Great Northern Diver,Kuikkalinnut,Kuikat,https://cdn.pixabay.com/photo/2020/06/12/17/43/common-loon-5291143__480.jpg
GAVADA,Gavia adamsii,,jääkuikka,vitnäbbad islom,White-billed Diver,Kuikkalinnut,Kuikat,
TACRUF,Tachybaptus ruficollis,,pikku-uikku,smådopping,Little Grebe,Uikkulinnut,Uikut,https://cdn.pixabay.com/photo/2020/05/26/06/16/bird-5221648__340.jpg
PODCRI,Podiceps cristatus,,silkkiuikku,skäggdopping,Great Crested Grebe,Uikkulinnut,Uikut,https://cdn.pixabay.com/photo/2018/03/11/21/13/great-crested-grebe-3218071__340.jpg
PODGRI,Podiceps grisegena,,härkälintu,gråhakedopping,Red-necked Grebe,Uikkulinnut,Uikut,
PODAUR,Podiceps auritus,,mustakurkku-uikku,svarthakedopping,Slavonian Grebe,Uikkulinnut,Uikut,https://cdn.pixabay.com/photo/2022/07/09/18/29/bird-7311529__340.jpg
PODNIG,Podiceps nigricollis,,mustakaulauikku,svarthalsad dopping,Black-necked Grebe,Uikkulinnut,Uikut,https://cdn.pixabay.com/photo/2016/04/24/15/55/black-neck-divers-1349881__340.jpg
FULGLA,Fulmarus glacialis,,myrskylintu,stormfågel,Northern Fulmar,Ulappalinnut,Ulappaliitäjät,https://cdn.pixabay.com/photo/2019/10/11/16/17/mallemuk-4542235_960_720.jpg
PUFGRI,Puffinus griseus,,nokiliitäjä,grålira,Sooty Shearwater,Ulappalinnut,Ulappaliitäjät,
PUFPUF,Puffinus puffinus,,pikkuliitäjä,mindre lira,Manx Shearwater,Ulappalinnut,Ulappaliitäjät,
HYDPEL,Hydrobates pelagicus,,merikeiju,stormsvala,European Storm Petrel,Ulappalinnut,Ulappakeijut,
OCELEU,Oceanodroma leucorhoa,,myrskykeiju,klykstjärtad stormsvala,Leach's Storm Petrel,Ulappalinnut,Ulappakeijut,
OCECAS,Oceanodroma castro,,madeirankeiju,oceanlöpare,Madeiran Storm Petrel,Ulappalinnut,Ulappakeijut,
MORBAS,Morus bassanus,,suula,havssula,Northern Gannet,Pelikaanilinnut,Suulat,https://cdn.pixabay.com/photo/2018/12/14/09/06/bempton-cliffs-3874516__340.jpg
PHACAR,Phalacrocorax carbo,,merimetso,storskarv,Cormorant,Pelikaanilinnut,Merimetsot,https://cdn.pixabay.com/photo/2022/07/09/05/01/bird-7310151__340.jpg
PHAARI,Phalacrocorax aristotelis,,karimetso,toppskarv,Shag,Pelikaanilinnut,Merimetsot,https://cdn.pixabay.com/photo/2017/04/28/12/56/archipelago-cies-2268293__480.jpg
PELONO,Pelecanus onocrotalus,B,pelikaani,vit pelikan,White Pelican,Pelikaanilinnut,Pelikaanit,https://cdn.pixabay.com/photo/2022/07/09/07/20/bird-7310329__340.jpg
BOTSTE,Botaurus stellaris,,kaulushaikara,rördrom,Bittern,Haikaralinnut,Haikarat,https://cdn.pixabay.com/photo/2021/12/08/04/24/bittern-6854628__340.jpg
IXOMIN,Ixobrychus minutus,,pikkuhaikara,dvärgrördrom,Little Bittern,Haikaralinnut,Haikarat,https://cdn.pixabay.com/photo/2017/08/05/12/09/bird-2583046__340.jpg
NYCNYC,Nycticorax nycticorax,,yöhaikara,natthäger,Black-crowned Night Heron,Haikaralinnut,Haikarat,https://cdn.pixabay.com/photo/2018/11/20/19/09/spain-3828048__340.jpg
ARDRAL,Ardeola ralloides,,rääkkähaikara,rallhäger,Squacco Heron,Haikaralinnut,Haikarat,https://cdn.pixabay.com/photo/2018/05/30/00/24/water-plan-3440451__340.jpg
BUBIBI,Bubulcus ibis,,lehmähaikara,kohäger,Cattle Egret,Haikaralinnut,Haikarat,https://cdn.pixabay.com/photo/2019/02/15/10/10/cattle-egret-3998166__340.jpg
EGRGAR,Egretta garzetta,,silkkihaikara,silkeshäger,Little Egret,Haikaralinnut,Haikarat,https://cdn.pixabay.com/photo/2017/07/10/21/09/little-egret-2491566__340.jpg
EGRALB,Egretta alba,,jalohaikara,ägretthäger,Great Egret,Haikaralinnut,Haikarat,https://cdn.pixabay.com/photo/2020/09/22/08/25/great-egret-5592300__340.jpg
ARDCIN,Ardea cinerea,,harmaahaikara,gråhäger,Grey Heron,Haikaralinnut,Haikarat,https://cdn.pixabay.com/photo/2019/06/10/21/38/heron-4265494__340.jpg
ARDPUR,Ardea purpurea,,ruskohaikara,purpurhäger,Purple Heron,Haikaralinnut,Haikarat,https://cdn.pixabay.com/photo/2018/03/06/08/16/nature-3202825__480.jpg
ARDBAC,Ardeola bacchus,D,kiinanriisihaikara,bacchushäger,Chinese Pond Heron,Haikaralinnut,Haikarat,https://cdn.pixabay.com/photo/2018/04/03/00/51/nature-3285626__340.jpg
ARDGRA,Ardeola grayii,E,intianriisihaikara,rishäger,Indian Pond Heron,Haikaralinnut,Haikarat,https://cdn.pixabay.com/photo/2014/04/09/17/35/pond-320246__340.jpg
CICNIG,Ciconia nigra,,mustahaikara,svart stork,Black Stork,Haikaralinnut,Kattohaikarat,https://cdn.pixabay.com/photo/2017/11/27/13/52/black-stork-2981385__340.jpg
CICCIC,Ciconia ciconia,,kattohaikara,vit stork,White Stork,Haikaralinnut,Kattohaikarat,https://cdn.pixabay.com/photo/2015/05/28/21/42/stork-788666__340.jpg
CICABD,Ciconia abdimii,E,savannihaikara,abdimstork,Abdim's Stork,Haikaralinnut,Kattohaikarat,https://cdn.pixabay.com/photo/2016/09/17/11/54/bird-1675960__480.jpg
PLEFAL,Plegadis falcinellus,,pronssi-iibis,bronsibis,Glossy Ibis,Haikaralinnut,Iibikset,https://cdn.pixabay.com/photo/2017/08/25/16/00/glossy-ibis-2680553__340.jpg
PLALEU,Platalea leucorodia,,kapustahaikara,skedstork,Eurasian Spoonbill,Haikaralinnut,Iibikset,https://cdn.pixabay.com/photo/2022/03/31/10/22/bird-7102727__480.jpg
PHOROS,Phoenicopterus roseus,D,flamingo,större flamingo,Greater Flamingo,Flamingolinnut,Flamingot,https://cdn.pixabay.com/photo/2019/07/01/16/51/bird-4310423__340.jpg
PHOCHI,Phoenicopterus chilensis,E,chilenflamingo,chileflamingo,Chilean Flamingo,Flamingolinnut,Flamingot,https://cdn.pixabay.com/photo/2015/04/14/06/04/phoenicopterus-chilensis-721711__480.jpg
PHOMIN,Phoenicopterus minor,E,pikkuflamingo,mindre flamingo,Lesser Flamingo,Flamingolinnut,Flamingot,https://cdn.pixabay.com/photo/2017/10/11/17/48/bird-2841881__340.jpg
PERAPI,Pernis apivorus,,mehiläishaukka,bivråk,European Honey Buzzard,Päiväpetolinnut,Haukat,https://cdn.pixabay.com/photo/2014/04/02/11/21/bird-305840__480.jpg
MILMIG,Milvus migrans,,haarahaukka,brun glada,Black Kite,Päiväpetolinnut,Haukat,https://cdn.pixabay.com/photo/2021/12/29/11/53/bird-6901465_960_720.jpg
MILMIL,Milvus milvus,,isohaarahaukka,röd glada,Red Kite,Päiväpetolinnut,Haukat,https://cdn.pixabay.com/photo/2018/04/22/13/52/red-kite-3341094__340.jpg
HALLEU,Haliaeetus leucoryphus,B,aromerikotka,bandhavsörn,Pallas's Fish Eagle,Päiväpetolinnut,Haukat,https://cdn.pixabay.com/photo/2021/12/22/14/30/eagle-6887596__340.jpg
HALALB,Haliaeetus albicilla,,merikotka,havsörn,White-tailed Eagle,Päiväpetolinnut,Haukat,https://cdn.pixabay.com/photo/2018/03/16/03/33/natural-3230134__340.jpg
NEOPER,Neophron percnopterus,,pikkukorppikotka,smutsgam,Egyptian Vulture,Päiväpetolinnut,Haukat,https://cdn.pixabay.com/photo/2021/03/09/15/16/egyptian-vulture-6082122__340.jpg
GYPFUL,Gyps fulvus,,hanhikorppikotka,gåsgam,Griffon Vulture,Päiväpetolinnut,Haukat,https://cdn.pixabay.com/photo/2017/09/25/16/56/vulture-2785815__340.jpg
AEGMON,Aegypius monachus,,munkkikorppikotka,grågam,Black Vulture,Päiväpetolinnut,Haukat,https://cdn.pixabay.com/photo/2016/06/12/10/32/vulture-1451749__340.jpg
CIRGAL,Circaetus gallicus,,käärmekotka,ormörn,Short-toed Eagle,Päiväpetolinnut,Haukat,https://cdn.pixabay.com/photo/2020/06/02/05/51/short-toed-eagle-5249518_960_720.jpg
CIRAER,Circus aeruginosus,,ruskosuohaukka,brun kärrhök,Marsh Harrier,Päiväpetolinnut,Haukat,https://cdn.pixabay.com/photo/2021/01/05/15/48/marsh-harrier-5891589__340.jpg
CIRCYA,Circus cyaneus,,sinisuohaukka,blå kärrhök,Hen Harrier,Päiväpetolinnut,Haukat,https://cdn.pixabay.com/photo/2020/02/22/13/51/hen-harrier-4870591__340.jpg
CIRMAC,Circus macrourus,,arosuohaukka,stäpphök,Pallid Harrier,Päiväpetolinnut,Haukat,
CIRPYG,Circus pygargus,,niittysuohaukka,ängshök,Montagu's Harrier,Päiväpetolinnut,Haukat,
ACCGEN,Accipiter gentilis,,kanahaukka,duvhök,Northern Goshawk,Päiväpetolinnut,Haukat,https://cdn.pixabay.com/photo/2021/10/10/09/19/goshawk-6696074__340.jpg
ACCNIS,Accipiter nisus,,varpushaukka,sparvhök,Eurasian Sparrowhawk,Päiväpetolinnut,Haukat,https://cdn.pixabay.com/photo/2020/09/22/09/07/sparrowhawk-5592388__340.jpg
BUTBUT,Buteo buteo,,hiirihaukka,ormvråk,Common Buzzard,Päiväpetolinnut,Haukat,https://cdn.pixabay.com/photo/2019/09/24/19/12/common-buzzard-4502027__340.jpg
BUTRUF,Buteo rufinus,,arohiirihaukka,örnvråk,Long-legged Buzzard,Päiväpetolinnut,Haukat,https://cdn.pixabay.com/photo/2018/12/06/11/50/buzzard-3859661__340.jpg
BUTLAG,Buteo lagopus,,piekana,fjällvråk,Rough-legged Buzzard,Päiväpetolinnut,Haukat,https://cdn.pixabay.com/photo/2019/11/20/21/03/hawk-4641135__340.jpg
AQUCLA,Aquila clanga,,kiljukotka,större skrikörn,Greater Spotted Eagle,Päiväpetolinnut,Haukat,
AQUPOM,Aquila pomarina,,pikkukiljukotka,mindre skrikörn,Lesser Spotted Eagle,Päiväpetolinnut,Haukat,
AQUPEN,Aquila pennata,,pikkukotka,dvärgörn,Booted Eagle,Päiväpetolinnut,Haukat,https://cdn.pixabay.com/photo/2015/02/25/17/07/booted-eagle-649070__480.jpg
AQUCHR,Aquila chrysaetos,,maakotka,kungsörn,Golden Eagle,Päiväpetolinnut,Haukat,https://cdn.pixabay.com/photo/2020/05/22/12/13/eagle-5205176_960_720.jpg
AQUNIP,Aquila nipalensis,,arokotka,stäppörn,Steppe Eagle,Päiväpetolinnut,Haukat,https://cdn.pixabay.com/photo/2016/08/07/19/26/steppe-eagle-1576944__340.jpg
AQUHEL,Aquila heliaca,,keisarikotka,kejsarörn,Eastern Imperial Eagle,Päiväpetolinnut,Haukat,https://cdn.pixabay.com/photo/2019/03/23/18/49/bird-4075973__480.jpg
HALPEL,Haliaeetus pelagicus,E,kuningasmerikotka,jättehavsörn,Steller's Sea Eagle,Päiväpetolinnut,Haukat,https://cdn.pixabay.com/photo/2018/03/17/12/42/bird-3233901__340.jpg
PANHAL,Pandion haliaetus,,sääksi,fiskgjuse,Osprey,Päiväpetolinnut,Sääkset,https://cdn.pixabay.com/photo/2020/11/08/14/25/osprey-5723920__340.jpg
FALNAU,Falco naumanni,,pikkutuulihaukka,rödfalk,Lesser Kestrel,Jalohaukkalinnut,Jalohaukat,
FALTIN,Falco tinnunculus,,tuulihaukka,tornfalk,Common Kestrel,Jalohaukkalinnut,Jalohaukat,https://cdn.pixabay.com/photo/2019/10/31/08/12/animal-4591282__340.jpg
FALVES,Falco vespertinus,,punajalkahaukka,aftonfalk,Red-footed Falcon,Jalohaukkalinnut,Jalohaukat,https://cdn.pixabay.com/photo/2015/07/19/23/05/wild-852171__340.jpg
FALCOL,Falco columbarius,,ampuhaukka,stenfalk,Merlin,Jalohaukkalinnut,Jalohaukat,https://cdn.pixabay.com/photo/2017/02/04/02/21/bird-2036548__340.jpg
FALSUB,Falco subbuteo,,nuolihaukka,lärkfalk,Hobby,Jalohaukkalinnut,Jalohaukat,https://cdn.pixabay.com/photo/2016/04/21/15/21/hobby-1343652__480.jpg
FALELE,Falco eleonorae,,välimerenhaukka,eleonorafalk,Eleonora's Falcon,Jalohaukkalinnut,Jalohaukat,
FALCHE,Falco cherrug,,aavikkohaukka,tatarfalk,Saker Falcon,Jalohaukkalinnut,Jalohaukat,https://cdn.pixabay.com/photo/2022/05/18/14/39/bird-7205452__480.jpg
FALRUS,Falco rusticolus,,tunturihaukka,jaktfalk,Gyrfalcon,Jalohaukkalinnut,Jalohaukat,https://cdn.pixabay.com/photo/2020/05/01/22/47/gyrfalcon-5119237__340.jpg
FALPER,Falco peregrinus,,muuttohaukka,pilgrimsfalk,Peregrine Falcon,Jalohaukkalinnut,Jalohaukat,https://cdn.pixabay.com/photo/2018/04/01/15/36/falcon-3281257__340.jpg
RALAQU,Rallus aquaticus,,luhtakana,vattenrall,Water Rail,Kurkilinnut,Rantakanat,https://cdn.pixabay.com/photo/2020/02/26/16/31/water-rail-4882235__340.jpg
PORPOR,Porzana porzana,,luhtahuitti,småfläckig sumphöna,Spotted Crake,Kurkilinnut,Rantakanat,
PORPAR,Porzana parva,,pikkuhuitti,mindre sumphöna,Little Crake,Kurkilinnut,Rantakanat,
PORPUS,Porzana pusilla,,kääpiöhuitti,dvärgsumphöna,Baillon's Crake,Kurkilinnut,Rantakanat,
CRECRE,Crex crex,,ruisrääkkä,kornknarr,Corn Crake,Kurkilinnut,Rantakanat,
GALCHL,Gallinula chloropus,,liejukana,rörhöna,Moorhen,Kurkilinnut,Rantakanat,https://cdn.pixabay.com/photo/2022/04/08/17/16/moorhen-7119946__340.jpg
PORALL,Porphyrio alleni,,kurnuliejukana,mindre sultanhöna,Allen's Gallinule,Kurkilinnut,Rantakanat,
FULATR,Fulica atra,,nokikana,sothöna,Eurasian Coot,Kurkilinnut,Rantakanat,https://cdn.pixabay.com/photo/2022/03/20/17/21/bird-7081453__340.jpg
GRUGRU,Grus grus,,kurki,trana,Common Crane,Kurkilinnut,Kurjet,https://cdn.pixabay.com/photo/2021/03/09/15/16/common-crane-6082115__340.jpg
GRUCAN,Grus canadensis,,hietakurki,prärietrana,Sandhill Crane,Kurkilinnut,Kurjet,https://cdn.pixabay.com/photo/2012/10/29/15/37/crane-63528__340.jpg
GRUVIR,Grus virgo,,neitokurki,jungfrutrana,Demoiselle Crane,Kurkilinnut,Kurjet,https://cdn.pixabay.com/photo/2018/04/06/09/00/bird-3295265__340.jpg
TETRAX,Tetrax tetrax,,pikkutrappi,småtrapp,Little Bustard,Kurkilinnut,Trapit,
CHLMAC,Chlamydotis macqueenii,B,idänkaulustrappi,kragtrapp,Macqueen's Bustard,Kurkilinnut,Trapit,
OTITAR,Otis tarda,B,isotrappi,stortrapp,Great Bustard,Kurkilinnut,Trapit,
BUROED,Burhinus oedicnemus,,paksujalka,tjockfot,Stone-curlew,Rantalinnut,Paksujalat,https://cdn.pixabay.com/photo/2014/09/25/03/41/stone-curlew-459973__480.jpg
HIMHIM,Himantopus himantopus,,pitkäjalka,styltlöpare,Black-winged Stilt,Rantalinnut,Avosetit,https://cdn.pixabay.com/photo/2018/11/23/14/51/bird-3834051__340.jpg
RECAVO,Recurvirostra avosetta,,avosetti,skärfläcka,Pied Avocet,Rantalinnut,Avosetit,https://cdn.pixabay.com/photo/2018/03/23/13/00/pied-avocet-3253652__340.jpg
HAEOST,Haematopus ostralegus,,meriharakka,strandskata,Oystercatcher,Rantalinnut,Meriharakat,https://cdn.pixabay.com/photo/2021/05/01/08/34/oystercatcher-6220541__340.jpg
PLUFUL,Pluvialis fulva,,siperiankurmitsa,sibirisk tundrapipare,Pacific Golden Plover,Rantalinnut,Kurmitsat,https://cdn.pixabay.com/photo/2019/09/29/11/37/pacific-golden-plover-4513125__340.jpg
PLUDOM,Pluvialis dominica,,amerikankurmitsa,amerikansk tundrapipare,American Golden Plover,Rantalinnut,Kurmitsat,
PLUAPR,Pluvialis apricaria,,kapustarinta,ljungpipare,Golden Plover,Rantalinnut,Kurmitsat,https://cdn.pixabay.com/photo/2022/04/21/04/06/birds-7146624__340.jpg
PLUSQU,Pluvialis squatarola,,tundrakurmitsa,kustpipare,Grey Plover,Rantalinnut,Kurmitsat,https://cdn.pixabay.com/photo/2018/04/26/14/48/grey-plover-3352107__480.jpg
VANGRE,Vanellus gregarius,,arohyyppä,stäppvipa,Sociable Lapwing,Rantalinnut,Kurmitsat,
VANLEU,Vanellus leucurus,,suohyyppä,sumpvipa,White-tailed Lapwing,Rantalinnut,Kurmitsat,
VANVAN,Vanellus vanellus,,töyhtöhyyppä,tofsvipa,Northern Lapwing,Rantalinnut,Kurmitsat,https://cdn.pixabay.com/photo/2019/10/09/22/44/lapwing-4538298__340.jpg
CHADUB,Charadrius dubius,,pikkutylli,mindre strandpipare,Little Ringed Plover,Rantalinnut,Kurmitsat,https://cdn.pixabay.com/photo/2021/06/30/03/19/little-ringed-plover-6375733__340.jpg
CHAHIA,Charadrius hiaticula,,tylli,större strandpipare,Ringed Plover,Rantalinnut,Kurmitsat,https://cdn.pixabay.com/photo/2020/09/11/12/55/ringed-plover-5563083__340.jpg
CHAALE,Charadrius alexandrinus,,mustajalkatylli,svartbent strandpipare,Kentish Plover,Rantalinnut,Kurmitsat,https://cdn.pixabay.com/photo/2022/07/09/13/07/bird-7310863__340.jpg
CHAMON,Charadrius mongolus,,ylänkötylli,mongolpipare,Lesser Sand Plover,Rantalinnut,Kurmitsat,https://cdn.pixabay.com/photo/2021/08/10/09/41/lesser-sand-plover-6535531__480.jpg
CHALES,Charadrius leschenaultii,,aavikkotylli,ökenpipare,Greater Sand Plover,Rantalinnut,Kurmitsat,
CHAASI,Charadrius asiaticus,,kaspiantylli,kaspisk pipare,Caspian Plover,Rantalinnut,Kurmitsat,
CHAVER,Charadrius veredus,,gobintylli,orientpipare,Oriental Plover,Rantalinnut,Kurmitsat,
CHAMOR,Charadrius morinellus,,keräkurmitsa,fjällpipare,Dotterel,Rantalinnut,Kurmitsat,https://cdn.pixabay.com/photo/2017/09/06/21/45/dotterel-2723150__480.jpg
BARLON,Bartramia longicauda,,preeriakahlaaja,piparsnäppa,Upland Sandpiper,Rantalinnut,Kurpat,https://cdn.pixabay.com/photo/2022/02/10/13/39/upland-sandpiper-7005358__480.jpg
NUMMIN,Numenius minutus,,taigakuovi,dvärgspov,Little Curlew,Rantalinnut,Kurpat,
NUMPHA,Numenius phaeopus,,pikkukuovi,småspov,Whimbrel,Rantalinnut,Kurpat,https://cdn.pixabay.com/photo/2015/02/02/19/08/whimbrel-621376__480.jpg
NUMARQ,Numenius arquata,,kuovi,storspov,Eurasian Curlew,Rantalinnut,Kurpat,https://cdn.pixabay.com/photo/2016/02/28/08/46/eurasian-curlew-1226627__340.jpg
LIMLIM,Limosa limosa,,mustapyrstökuiri,rödspov,Black-tailed Godwit,Rantalinnut,Kurpat,https://cdn.pixabay.com/photo/2018/09/02/10/55/black-tailed-godwit-3648526__340.jpg
LIMLAP,Limosa lapponica,,punakuiri,myrspov,Bar-tailed Godwit,Rantalinnut,Kurpat,https://cdn.pixabay.com/photo/2020/05/23/15/32/godwit-5210105__340.jpg
AREINT,Arenaria interpres,,karikukko,roskarl,Ruddy Turnstone,Rantalinnut,Kurpat,https://cdn.pixabay.com/photo/2020/09/22/08/25/ruddy-turnstone-5592307__340.jpg
CALCAN,Calidris canutus,,isosirri,kustsnäppa,Red Knot,Rantalinnut,Kurpat,https://cdn.pixabay.com/photo/2014/07/08/13/00/rufa-386883__340.jpg
CALPUG,Calidris pugnax,,suokukko,brushane,Ruff,Rantalinnut,Kurpat,https://cdn.pixabay.com/photo/2022/05/08/21/25/bird-7183023__340.jpg
CALACU,Calidris acuminata,,suippopyrstösirri,spetsstjärtad snäppa,Sharp-tailed Sandpiper,Rantalinnut,Kurpat,
CALFAL,Calidris falcinellus,,jänkäsirriäinen,myrsnäppa,Broad-billed Sandpiper,Rantalinnut,Kurpat,
CALFER,Calidris ferruginea,,kuovisirri,spovsnäppa,Curlew Sandpiper,Rantalinnut,Kurpat,
CALHIM,Calidris himantopus,,pitkäkoipisirri,styltsnäppa,Stilt Sandpiper,Rantalinnut,Kurpat,
CALRCO,Calidris ruficollis,,rusokaulasirri,rödhalsad snäppa,Red-necked Stint,Rantalinnut,Kurpat,https://cdn.pixabay.com/photo/2017/10/06/01/49/red-necked-stints-2821764_960_720.jpg
CALSMI,Calidris subminuta,,siperiansirri,långtåsnäppa,Long-toed Stint,Rantalinnut,Kurpat,
CALTEM,Calidris temminckii,,lapinsirri,mosnäppa,Temminck's Stint,Rantalinnut,Kurpat,https://cdn.pixabay.com/photo/2022/06/04/11/33/temmincks-stint-7241766__480.jpg
CALALB,Calidris alba,,pulmussirri,sandlöpare,Sanderling,Rantalinnut,Kurpat,https://cdn.pixabay.com/photo/2022/02/07/08/17/sanderling-6998777__480.jpg
CALALP,Calidris alpina,,suosirri,kärrsnäppa,Dunlin,Rantalinnut,Kurpat,https://cdn.pixabay.com/photo/2018/10/14/16/08/dunlin-3746819__480.jpg
CALMAR,Calidris maritima,,merisirri,skärsnäppa,Purple Sandpiper,Rantalinnut,Kurpat,https://cdn.pixabay.com/photo/2020/11/29/20/57/ocean-beach-runner-5789080__480.jpg
CALBAI,Calidris bairdii,,eskimosirri,gulbröstad snäppa,Baird's Sandpiper,Rantalinnut,Kurpat,https://cdn.pixabay.com/photo/2022/04/01/22/34/bairds-sandpiper-7105831__340.jpg
CALUTA,Calidris minuta,,pikkusirri,småsnäppa,Little Stint,Rantalinnut,Kurpat,https://cdn.pixabay.com/photo/2018/10/14/16/06/bird-3746815__480.jpg
CALFUS,Calidris fuscicollis,,valkoperäsirri,vitgumpsnäppa,White-rumped Sandpiper,Rantalinnut,Kurpat,https://cdn.pixabay.com/photo/2021/10/18/07/25/bird-6720306__480.jpg
CALLLA,Calidris minutilla,B,amerikansirri,dvärgsnäppa,Least Sandpiper,Rantalinnut,Kurpat,https://cdn.pixabay.com/photo/2021/08/09/12/46/birds-6533260__480.jpg
CALSRU,Calidris subruficollis,,tundravikla,prärielöpare,Buff-breasted Sandpiper,Rantalinnut,Kurpat,https://cdn.pixabay.com/photo/2022/01/25/17/14/buff-breasted-sandpiper-6966821__480.jpg
CALMEL,Calidris melanotos,,palsasirri,tuvsnäppa,Pectoral Sandpiper,Rantalinnut,Kurpat,https://cdn.pixabay.com/photo/2018/03/11/00/39/pectoral-sandpiper-3215721__480.jpg
PHATRI,Phalaropus tricolor,,amerikanvesipääsky,wilsonsimsnäppa,Wilson's Phalarope,Rantalinnut,Kurpat,
PHALOB,Phalaropus lobatus,,vesipääsky,smalnäbbad simsnäppa,Red-necked Phalarope,Rantalinnut,Kurpat,
PHAFUL,Phalaropus fulicarius,,isovesipääsky,brednäbbad simsnäppa,Red Phalarope,Rantalinnut,Kurpat,
XENCIN,Xenus cinereus,,rantakurvi,tereksnäppa,Terek Sandpiper,Rantalinnut,Kurpat,https://cdn.pixabay.com/photo/2018/03/26/05/19/bird-3261686__480.jpg
ACTHYP,Actitis hypoleucos,,rantasipi,drillsnäppa,Common Sandpiper,Rantalinnut,Kurpat,https://cdn.pixabay.com/photo/2017/04/17/03/42/bird-2236347__340.jpg
ACTMAC,Actitis macularius,,amerikansipi,fläckdrillsnäppa,Spotted Sandpiper,Rantalinnut,Kurpat,https://cdn.pixabay.com/photo/2021/08/01/02/52/spotted-sandpiper-6513389__480.jpg
TRIOCH,Tringa ochropus,,metsäviklo,skogssnäppa,Green Sandpiper,Rantalinnut,Kurpat,https://cdn.pixabay.com/photo/2020/03/11/03/47/bird-4920875__340.jpg
TRIERY,Tringa erythropus,,mustaviklo,svartsnäppa,Spotted Redshank,Rantalinnut,Kurpat,https://cdn.pixabay.com/photo/2018/10/10/10/38/bird-3736893__340.jpg
TRINEB,Tringa nebularia,,valkoviklo,gluttsnäppa,Greenshank,Rantalinnut,Kurpat,https://cdn.pixabay.com/photo/2018/11/20/16/41/common-greenshank-3827733__480.jpg
TRIFLA,Tringa flavipes,,keltajalkaviklo,mindre gulbena,Lesser Yellowlegs,Rantalinnut,Kurpat,https://cdn.pixabay.com/photo/2019/10/11/18/15/background-4542454__480.jpg
TRISEM,Tringa semipalmata,,preeriaviklo,willet,Willet,Rantalinnut,Kurpat,https://cdn.pixabay.com/photo/2021/09/10/00/17/willet-6611818__340.jpg
TRISTA,Tringa stagnatilis,,lampiviklo,dammsnäppa,Marsh Sandpiper,Rantalinnut,Kurpat,https://cdn.pixabay.com/photo/2018/03/23/06/29/bird-3252794__340.jpg
TRIGLA,Tringa glareola,,liro,grönbena,Wood Sandpiper,Rantalinnut,Kurpat,https://cdn.pixabay.com/photo/2014/04/06/05/41/wood-sandpiper-317558__340.jpg
TRITOT,Tringa totanus,,punajalkaviklo,rödbena,Common Redshank,Rantalinnut,Kurpat,https://cdn.pixabay.com/photo/2017/04/18/04/15/bird-2237639__340.jpg
LYMMIN,Lymnocryptes minimus,,jänkäkurppa,dvärgbeckasin,Jack Snipe,Rantalinnut,Kurpat,
LIMSCO,Limnodromus scolopaceus,,tundrakurppelo,större beckasinsnäppa,Long-billed Dowitcher,Rantalinnut,Kurpat,
SCORUS,Scolopax rusticola,,lehtokurppa,morkulla,Woodcock,Rantalinnut,Kurpat,https://cdn.pixabay.com/photo/2021/09/27/18/05/woodcock-6661876_960_720.jpg
GALGAL,Gallinago gallinago,,taivaanvuohi,enkelbeckasin,Common Snipe,Rantalinnut,Kurpat,https://cdn.pixabay.com/photo/2018/03/25/11/57/nature-3259196_960_720.jpg
GALDEL,Gallinago delicata,,amerikantaivaanvuohi,wilsonbeckasin,Wilson's Snipe,Rantalinnut,Kurpat,https://cdn.pixabay.com/photo/2018/05/07/06/09/bird-3380181__480.jpg
GALMED,Gallinago media,,heinäkurppa,dubbelbeckasin,Great Snipe,Rantalinnut,Kurpat,https://cdn.pixabay.com/photo/2013/07/18/15/07/godwit-164593__340.jpg
GALMEG,Gallinago megala,,siperiankurppa,tajgabeckasin,Swinhoe's Snipe,Rantalinnut,Kurpat,
GLAPRA,Glareola pratincola,,pääskykahlaaja,rödvingad vadarsvala,Collared Pratincole,Rantalinnut,Pääskykahlaajat,
GLAMAL,Glareola maldivarum,,aasianpääskykahlaaja,orientvadarsvala,Oriental Pratincole,Rantalinnut,Pääskykahlaajat,
GLANOR,Glareola nordmanni,,aropääskykahlaaja,svartvingad vadarsvala,Black-winged Pratincole,Rantalinnut,Pääskykahlaajat,
CURCUR,Cursorius cursor,,aavikkojuoksija,ökenlöpare,Cream-coloured Courser,Rantalinnut,Pääskykahlaajat,
STEPOM,Stercorarius pomarinus,,leveäpyrstökihu,bredstjärtad labb,Pomarine Skua,Rantalinnut,Kihut,
STECUS,Stercorarius parasiticus,,merikihu,kustlabb,Arctic Skua,Rantalinnut,Kihut,
STELON,Stercorarius longicaudus,,tunturikihu,fjällabb,Long-tailed Skua,Rantalinnut,Kihut,
STESKU,Stercorarius skua,,isokihu,storlabb,Great Skua,Rantalinnut,Kihut,https://cdn.pixabay.com/photo/2019/05/17/22/15/great-skua-4210836__340.jpg
FRAARC,Fratercula arctica,,lunni,lunnefågel,Atlantic Puffin,Rantalinnut,Ruokit,https://cdn.pixabay.com/photo/2018/09/07/20/00/puffin-3661346__340.jpg
CEPGRY,Cepphus grylle,,riskilä,tobisgrissla,Black Guillemot,Rantalinnut,Ruokit,https://cdn.pixabay.com/photo/2022/01/25/17/14/black-guillemot-6966818__480.jpg
SYNANT,Synthliboramphus antiquus,,mustakurkkumurri,kragalka,Ancient Murrelet,Rantalinnut,Ruokit,https://cdn.pixabay.com/photo/2018/03/17/12/53/bird-3233939__480.jpg
ALCTOR,Alca torda,,ruokki,tordmule,Razorbill,Rantalinnut,Ruokit,https://cdn.pixabay.com/photo/2017/05/21/21/58/razorbill-2332426__340.jpg
ALLALL,Alle alle,,pikkuruokki,alkekung,Little Auk,Rantalinnut,Ruokit,
URIAAL,Uria aalge,,etelänkiisla,sillgrissla,Common Guillemot,Rantalinnut,Ruokit,
URILOM,Uria lomvia,,pohjankiisla,spetsbergsgrissla,Brünnich's Guillemot,Rantalinnut,Ruokit,
STEALB,Sternula albifrons,,pikkutiira,småtärna,Little Tern,Rantalinnut,Tiirat,
GELNIL,Gelochelidon nilotica,,hietatiira,sandtärna,Gull-billed Tern,Rantalinnut,Tiirat,
HYDCAS,Hydroprogne caspia,,räyskä,skräntärna,Caspian Tern,Rantalinnut,Tiirat,https://cdn.pixabay.com/photo/2018/05/14/08/36/caspian-tern-3399008__480.jpg
CHLHYB,Chlidonias hybrida,,valkoposkitiira,skäggtärna,Whiskered Tern,Rantalinnut,Tiirat,
CHLNIG,Chlidonias niger,,mustatiira,svarttärna,Black Tern,Rantalinnut,Tiirat,
CHLLEU,Chlidonias leucopterus,,valkosiipitiira,vitvingad tärna,White-winged Tern,Rantalinnut,Tiirat,
STESAN,Sterna sandvicensis,,riuttatiira,kentsk tärna,Sandwich Tern,Rantalinnut,Tiirat,
STEHIR,Sterna hirundo,,kalatiira,fisktärna,Common Tern,Rantalinnut,Tiirat,
STEAEA,Sterna paradisaea,,lapintiira,silvertärna,Arctic Tern,Rantalinnut,Tiirat,
HYDMIN,Hydrocoloeus minutus,,pikkulokki,dvärgmås,Little Gull,Rantalinnut,Lokit,
RHOROS,Rhodostethia rosea,,ruusulokki,rosenmås,Ross's Gull,Rantalinnut,Lokit,
PAGEBU,Pagophila eburnea,,jäälokki,ismås,Ivory Gull,Rantalinnut,Lokit,
XEMSAB,Xema sabini,,tiiralokki,tärnmås,Sabine's Gull,Rantalinnut,Lokit,
RISTRI,Rissa tridactyla,,pikkukajava,tretåig mås,Black-legged Kittiwake,Rantalinnut,Lokit,https://cdn.pixabay.com/photo/2017/01/25/23/11/kittiwake-2009340__340.jpg
LARGEN,Larus genei,,kaitanokkalokki,långnäbbad mås,Slender-billed Gull,Rantalinnut,Lokit,
LARRID,Larus ridibundus,,naurulokki,skrattmås,Black-headed Gull,Rantalinnut,Lokit,https://cdn.pixabay.com/photo/2022/06/11/21/11/black-headed-gull-7256961__340.jpg
LARATR,Larus atricilla,,nokisiipilokki,sotvingad mås,Laughing Gull,Rantalinnut,Lokit,
LARPIP,Larus pipixcan,,preerianaurulokki,präriemås,Franklin's Gull,Rantalinnut,Lokit,
LARAUD,Larus audouinii,,välimerenlokki,rödnäbbad trut,Audouin's Gull,Rantalinnut,Lokit,
LARMEL,Larus melanocephalus,,mustanmerenlokki,svarthuvad mås,Mediterranean Gull,Rantalinnut,Lokit,
LARCAN,Larus canus,,kalalokki,fiskmås,Common Gull,Rantalinnut,Lokit,https://cdn.pixabay.com/photo/2020/08/18/04/59/seagull-5497095__340.jpg
LARFUS,Larus fuscus,,selkälokki,silltrut,Lesser Black-backed Gull,Rantalinnut,Lokit,https://cdn.pixabay.com/photo/2017/08/19/19/18/lesser-black-backed-gull-2659593__340.jpg
LARARG,Larus argentatus,,harmaalokki,gråtrut,Herring Gull,Rantalinnut,Lokit,https://cdn.pixabay.com/photo/2019/07/19/16/20/seagull-4349143__480.jpg
LARCAC,Larus cachinnans,,aroharmaalokki,kaspisk trut,Caspian Gull,Rantalinnut,Lokit,https://cdn.pixabay.com/photo/2016/11/23/00/26/animals-1851437__480.jpg
LARMIC,Larus michahellis,,etelänharmaalokki,medelhavstrut,Yellow-legged Gull,Rantalinnut,Lokit,
LARSCH,Larus schistisagus,,ohotanlokki,skiffertrut,Slaty-backed Gull,Rantalinnut,Lokit,
LARGLA,Larus glaucoides,,grönlanninlokki,vitvingad trut,Iceland Gull,Rantalinnut,Lokit,
LARHYP,Larus hyperboreus,,isolokki,vittrut,Glaucous Gull,Rantalinnut,Lokit,https://cdn.pixabay.com/photo/2018/02/19/21/15/glaucous-winged-gull-3166304__340.jpg
LARMAR,Larus marinus,,merilokki,havstrut,Great Black-backed Gull,Rantalinnut,Lokit,https://cdn.pixabay.com/photo/2017/06/27/18/42/sea-gull-2448414__340.jpg
SYRPAR,Syrrhaptes paradoxus,,arokyyhky,stäppflyghöna,Pallas's Sandgrouse,Hietakanalinnut,Hietakyyhkyt,
COLLIV,Columba livia,C,kesykyyhky,tamduva,Feral Pigeon,Kyyhkylinnut,Kyyhkyt,
COLOEN,Columba oenas,,uuttukyyhky,skogsduva,Stock Dove,Kyyhkylinnut,Kyyhkyt,
COLPAL,Columba palumbus,,sepelkyyhky,ringduva,Wood Pigeon,Kyyhkylinnut,Kyyhkyt,
STRDEC,Streptopelia decaocto,,turkinkyyhky,turkduva,Collared Dove,Kyyhkylinnut,Kyyhkyt,
STRTUR,Streptopelia turtur,,turturikyyhky,turturduva,Turtle Dove,Kyyhkylinnut,Kyyhkyt,
STRORI,Streptopelia orientalis,,idänturturikyyhky,större turturduva,Oriental Turtle Dove,Kyyhkylinnut,Kyyhkyt,
STRSEN,Streptopelia senegalensis,E,palmukyyhky,palmduva,Laughing Dove,Kyyhkylinnut,Kyyhkyt,
CLAGLA,Clamator glandarius,,harakkakäki,skatgök,Great Spotted Cuckoo,Käkilinnut,Käet,
CUCCAN,Cuculus canorus,,käki,gök,Common Cuckoo,Käkilinnut,Käet,https://cdn.pixabay.com/photo/2020/05/01/10/59/cuckoo-5116434__340.jpg
CUCSAT,Cuculus saturatus,,idänkäki,tajgagök,Oriental Cuckoo,Käkilinnut,Käet,
CLAJAC,Clamator jacobinus,D,jakobiinikäki,jakobinskatgök,Jacobin Cuckoo,Käkilinnut,Käet,
TYTALB,Tyto alba,,tornipöllö,tornuggla,Barn Owl,Pöllölinnut,Tornipöllöt,https://cdn.pixabay.com/photo/2017/11/30/11/57/barn-owl-2988291__340.jpg
OTUSCO,Otus scops,,kyläpöllönen,dvärguv,Scops Owl,Pöllölinnut,Pöllöt,https://cdn.pixabay.com/photo/2019/08/03/15/34/owl-4382019_960_720.jpg
BUBBUB,Bubo bubo,,huuhkaja,berguv,Eagle Owl,Pöllölinnut,Pöllöt,https://cdn.pixabay.com/photo/2017/01/26/11/17/european-eagle-owl-2010346__480.jpg
BUBSCA,Bubo scandiacus,,tunturipöllö,fjälluggla,Snowy Owl,Pöllölinnut,Pöllöt,https://cdn.pixabay.com/photo/2022/04/09/13/07/bird-7121402__340.jpg
SURULU,Surnia ulula,,hiiripöllö,hökuggla,Hawk Owl,Pöllölinnut,Pöllöt,https://cdn.pixabay.com/photo/2020/02/21/05/03/northern-hawk-owl-4866475__340.jpg
GLAPAS,Glaucidium passerinum,,varpuspöllö,sparvuggla,Pygmy Owl,Pöllölinnut,Pöllöt,https://cdn.pixabay.com/photo/2022/05/31/21/29/eurasian-pygmy-owl-7234333__340.jpg
ATHNOC,Athene noctua,,minervanpöllö,minervauggla,Little Owl,Pöllölinnut,Pöllöt,https://cdn.pixabay.com/photo/2014/02/27/16/08/owl-275940__340.jpg
STRALU,Strix aluco,,lehtopöllö,kattuggla,Tawny Owl,Pöllölinnut,Pöllöt,https://cdn.pixabay.com/photo/2021/03/09/21/17/tawny-owl-6082870__340.jpg
STRURA,Strix uralensis,,viirupöllö,slaguggla,Ural Owl,Pöllölinnut,Pöllöt,https://cdn.pixabay.com/photo/2020/01/31/19/21/ural-owl-4808774__340.jpg
STRNEB,Strix nebulosa,,lapinpöllö,lappuggla,Great Grey Owl,Pöllölinnut,Pöllöt,https://cdn.pixabay.com/photo/2020/04/16/03/37/great-grey-owl-5048915__340.jpg
ASIOTU,Asio otus,,sarvipöllö,hornuggla,Long-eared Owl,Pöllölinnut,Pöllöt,https://cdn.pixabay.com/photo/2018/04/15/11/16/owl-3321411__340.jpg
ASIFLA,Asio flammeus,,suopöllö,jorduggla,Short-eared Owl,Pöllölinnut,Pöllöt,https://cdn.pixabay.com/photo/2018/07/14/00/14/owl-3536844__340.jpg
AEGFUN,Aegolius funereus,,helmipöllö,pärluggla,Tengmalm's Owl,Pöllölinnut,Pöllöt,https://cdn.pixabay.com/photo/2015/07/12/20/40/tengmalms-owl-842430__480.jpg
CAPEUR,Caprimulgus europaeus,,kehrääjä,nattskärra,European Nightjar,Kehrääjälinnut,Kehrääjät,
HIRCAU,Hirundapus caudacutus,,piikkipyrstökiitäjä,taggstjärtseglare,White-throated Needletail,Kirskulinnut,Kiitäjät,
APUAPU,Apus apus,,tervapääsky,tornseglare,Common Swift,Kirskulinnut,Kiitäjät,
APUPAL,Apus pallidus,,vaaleakiitäjä,blek tornseglare,Pallid Swift,Kirskulinnut,Kiitäjät,
APUMEL,Apus melba,,alppikiitäjä,alpseglare,Alpine Swift,Kirskulinnut,Kiitäjät,
APUCAF,Apus caffer,,häätökiitäjä,vitgumpseglare,White-rumped Swift,Kirskulinnut,Kiitäjät,
ALCATT,Alcedo atthis,,kuningaskalastaja,kungsfiskare,Common Kingfisher,Säihkylinnut,Kuningaskalastajat,https://cdn.pixabay.com/photo/2016/11/22/23/18/kingfisher-1851127__340.jpg
MERAPI,Merops apiaster,,mehiläissyöjä,biätare,European Bee-eater,Säihkylinnut,Mehiläissyöjät,
MERPER,Merops persicus,,vihermehiläissyöjä,grön biätare,Blue-cheeked Bee-eater,Säihkylinnut,Mehiläissyöjät,
CORGAR,Coracias garrulus,,sininärhi,blåkråka,European Roller,Säihkylinnut,Sininärhet,https://cdn.pixabay.com/photo/2017/08/30/02/23/bird-2695678__480.jpg
UPUEPO,Upupa epops,,harjalintu,härfågel,Hoopoe,Säihkylinnut,Harjalinnut,https://cdn.pixabay.com/photo/2020/04/23/08/32/hoopoe-5081647__340.jpg
JYNTOR,Jynx torquilla,,käenpiika,göktyta,Wryneck,Tikkalinnut,Tikat,https://cdn.pixabay.com/photo/2018/03/13/17/31/natural-3223153__480.jpg
PICCAN,Picus canus,,harmaapäätikka,gråspett,Grey-headed Woodpecker,Tikkalinnut,Tikat,
PICVIR,Picus viridis,,vihertikka,gröngöling,Green Woodpecker,Tikkalinnut,Tikat,https://cdn.pixabay.com/photo/2020/05/12/18/34/bird-5164411__340.jpg
DRYMAR,Dryocopus martius,,palokärki,spillkråka,Black Woodpecker,Tikkalinnut,Tikat,https://cdn.pixabay.com/photo/2020/08/12/07/38/birds-5481884__340.jpg
DENMAJ,Dendrocopos major,,käpytikka,större hackspett,Great Spotted Woodpecker,Tikkalinnut,Tikat,https://cdn.pixabay.com/photo/2017/06/20/19/36/woodpecker-2424431__340.jpg
DENMED,Dendrocopos medius,,tammitikka,mellanspett,Middle Spotted Woodpecker,Tikkalinnut,Tikat,
DENLEU,Dendrocopos leucotos,,valkoselkätikka,vitryggig hackspett,White-backed Woodpecker,Tikkalinnut,Tikat,
DENMIN,Dendrocopos minor,,pikkutikka,mindre hackspett,Lesser Spotted Woodpecker,Tikkalinnut,Tikat,https://cdn.pixabay.com/photo/2019/09/23/09/52/lesser-spotted-woodpecker-4498128__340.jpg
PICTRI,Picoides tridactylus,,pohjantikka,tretåig hackspett,Three-toed Woodpecker,Tikkalinnut,Tikat,
MELCAL,Melanocorypha calandra,,arokiuru,kalanderlärka,Calandra Lark,Varpuslinnut,Kiurut,https://cdn.pixabay.com/photo/2014/04/06/09/22/short-toed-lark-317638__480.jpg
MELBIM,Melanocorypha bimaculata,,ylänkökiuru,asiatisk kalanderlärka,Bimaculated Lark,Varpuslinnut,Kiurut,
MELLEU,Melanocorypha leucoptera,,valkosiipikiuru,vitvingad lärka,White-winged Lark,Varpuslinnut,Kiurut,
MELYEL,Melanocorypha yeltoniensis,,mustakiuru,svartlärka,Black Lark,Varpuslinnut,Kiurut,
CALBRA,Calandrella brachydactyla,,lyhytvarvaskiuru,korttålärka,Greater Short-toed Lark,Varpuslinnut,Kiurut,
CALENS,Calandrella rufescens,,pikkukiuru,dvärglärka,Lesser Short-toed Lark,Varpuslinnut,Kiurut,
GALCRI,Galerida cristata,,töyhtökiuru,tofslärka,Crested Lark,Varpuslinnut,Kiurut,
LULARB,Lullula arborea,,kangaskiuru,trädlärka,Woodlark,Varpuslinnut,Kiurut,
ALAARV,Alauda arvensis,,kiuru,sånglärka,Skylark,Varpuslinnut,Kiurut,https://cdn.pixabay.com/photo/2020/04/20/19/35/skylark-5069553__340.jpg
EREALP,Eremophila alpestris,,tunturikiuru,berglärka,Shore Lark,Varpuslinnut,Kiurut,
RIPRIP,Riparia riparia,,törmäpääsky,backsvala,Sand Martin,Varpuslinnut,Pääskyt,https://cdn.pixabay.com/photo/2021/08/31/08/40/sand-martins-6588063__340.jpg
PTYRUP,Ptyonoprogne rupestris,,kalliopääsky,klippsvala,Crag Martin,Varpuslinnut,Pääskyt,
HIRRUS,Hirundo rustica,,haarapääsky,ladusvala,Barn Swallow,Varpuslinnut,Pääskyt,https://cdn.pixabay.com/photo/2020/07/02/08/00/barn-swallow-5362172__340.jpg
DELURB,Delichon urbicum,,räystäspääsky,hussvala,House Martin,Varpuslinnut,Pääskyt,https://cdn.pixabay.com/photo/2022/05/20/20/32/common-house-martin-7210179__340.jpg
CECDAU,Cecropis daurica,,ruostepääsky,rostgumpsvala,Red-rumped Swallow,Varpuslinnut,Pääskyt,https://cdn.pixabay.com/photo/2021/10/15/13/05/bird-6712546__480.jpg
ANTRIC,Anthus richardi,,isokirvinen,större piplärka,Richard's Pipit,Varpuslinnut,Västäräkit,
ANTGOD,Anthus godlewskii,,mongoliankirvinen,mongolpiplärka,Blyth's Pipit,Varpuslinnut,Västäräkit,
ANTCAM,Anthus campestris,,nummikirvinen,fältpiplärka,Tawny Pipit,Varpuslinnut,Västäräkit,
ANTHOD,Anthus hodgsoni,,taigakirvinen,sibirisk piplärka,Olive-backed Pipit,Varpuslinnut,Västäräkit,
ANTTRI,Anthus trivialis,,metsäkirvinen,trädpiplärka,Tree Pipit,Varpuslinnut,Västäräkit,
ANTGUS,Anthus gustavi,,tundrakirvinen,tundrapiplärka,Pechora Pipit,Varpuslinnut,Västäräkit,
ANTPRA,Anthus pratensis,,niittykirvinen,ängspiplärka,Meadow Pipit,Varpuslinnut,Västäräkit,https://cdn.pixabay.com/photo/2022/05/07/21/45/bird-7181010__480.jpg
ANTCER,Anthus cervinus,,lapinkirvinen,rödstrupig piplärka,Red-throated Pipit,Varpuslinnut,Västäräkit,
ANTPET,Anthus petrosus,,luotokirvinen,skärpiplärka,Rock Pipit,Varpuslinnut,Västäräkit,
MOTFLA,Motacilla flava,,keltavästäräkki,gulärla,Yellow Wagtail,Varpuslinnut,Västäräkit,https://cdn.pixabay.com/photo/2022/07/11/06/14/wild-bird-7314255__340.jpg
MOTCIT,Motacilla citreola,,sitruunavästäräkki,citronärla,Citrine Wagtail,Varpuslinnut,Västäräkit,https://cdn.pixabay.com/photo/2022/04/27/11/51/birds-7160233__480.jpg
MOTCIN,Motacilla cinerea,,virtavästäräkki,forsärla,Grey Wagtail,Varpuslinnut,Västäräkit,https://cdn.pixabay.com/photo/2019/04/29/21/25/grey-wagtail-4167123__340.jpg
MOTALB,Motacilla alba,,västäräkki,sädesärla,White Wagtail,Varpuslinnut,Västäräkit,https://cdn.pixabay.com/photo/2019/05/30/14/04/white-wagtail-4239954__340.jpg
BOMGAR,Bombycilla garrulus,,tilhi,sidensvans,Bohemian Waxwing,Varpuslinnut,Tilhet,https://cdn.pixabay.com/photo/2018/09/23/07/27/waxwing-3696861__340.jpg
CINCIN,Cinclus cinclus,,koskikara,strömstare,White-throated Dipper,Varpuslinnut,Koskikarat,https://cdn.pixabay.com/photo/2021/03/08/19/37/standing-6080119__340.jpg
TROTRO,Troglodytes troglodytes,,peukaloinen,gärdsmyg,Wren,Varpuslinnut,Peukaloiset,https://cdn.pixabay.com/photo/2016/05/17/15/58/bird-1398379__340.jpg
PRUMOD,Prunella modularis,,rautiainen,järnsparv,Dunnock,Varpuslinnut,Rautiaiset,https://cdn.pixabay.com/photo/2020/11/03/13/51/dunnock-5709870__340.jpg
PRUMON,Prunella montanella,,taigarautiainen,sibirisk järnsparv,Siberian Accentor,Varpuslinnut,Rautiaiset,
PRUATR,Prunella atrogularis,,mustakurkkurautiainen,svartstrupig järnsparv,Black-throated Accentor,Varpuslinnut,Rautiaiset,
PRUCOL,Prunella collaris,,alppirautiainen,alpjärnsparv,Alpine Accentor,Varpuslinnut,Rautiaiset,https://cdn.pixabay.com/photo/2018/09/06/23/42/bird-3659623__480.jpg
CERGAL,Cercotrichas galactotes,,ruostepyrstö,trädnäktergal,Rufous Bush Robin,Varpuslinnut,Rastaat,
ERIRUB,Erithacus rubecula,,punarinta,rödhake,European Robin,Varpuslinnut,Rastaat,https://cdn.pixabay.com/photo/2017/03/27/09/07/robin-2177776__340.jpg
LUSLUS,Luscinia luscinia,,satakieli,näktergal,Thrush Nightingale,Varpuslinnut,Rastaat,https://cdn.pixabay.com/photo/2020/06/07/12/33/wonderful-5270225__340.jpg
LUSMEG,Luscinia megarhynchos,,etelänsatakieli,sydnäktergal,Common Nightingale,Varpuslinnut,Rastaat,https://cdn.pixabay.com/photo/2020/05/23/10/07/nightingale-5208941__480.jpg
LUSSVE,Luscinia svecica,,sinirinta,blåhake,Bluethroat,Varpuslinnut,Rastaat,https://cdn.pixabay.com/photo/2018/04/02/08/10/bird-3283207__340.jpg
CALCAL,Calliope calliope,,rubiinisatakieli,rubinnäktergal,Siberian Rubythroat,Varpuslinnut,Rastaat,https://cdn.pixabay.com/photo/2022/06/22/11/35/bird-7277752__480.jpg
TARCYA,Tarsiger cyanurus,,sinipyrstö,tajgablåstjärt,Red-flanked Bluetail,Varpuslinnut,Rastaat,https://cdn.pixabay.com/photo/2018/04/02/08/14/natural-3283214__480.jpg
IRAGUT,Irania gutturalis,,kivikkosatakieli,vitstrupig näktergal,White-throated Robin,Varpuslinnut,Rastaat,
PHOOCH,Phoenicurus ochruros,,mustaleppälintu,svart rödstjärt,Black Redstart,Varpuslinnut,Rastaat,https://cdn.pixabay.com/photo/2020/08/31/13/51/black-redstart-5532507__340.jpg
PHOPHO,Phoenicurus phoenicurus,,leppälintu,rödstjärt,Common Redstart,Varpuslinnut,Rastaat,https://cdn.pixabay.com/photo/2022/05/19/17/09/common-redstart-7207802__480.jpg
SAXTRA,Saxicola rubetra,,pensastasku,buskskvätta,Whinchat,Varpuslinnut,Rastaat,https://cdn.pixabay.com/photo/2017/06/15/11/44/whinchat-2405176__480.jpg
SAXCAP,Saxicola caprata,,nokitasku,svart buskskvätta,Pied Bush Chat,Varpuslinnut,Rastaat,https://cdn.pixabay.com/photo/2017/09/29/09/26/bird-2798471__480.jpg
SAXMAU,Saxicola maurus,,sepeltasku,vitgumpad buskskvätta,Siberian Stonechat,Varpuslinnut,Rastaat,https://cdn.pixabay.com/photo/2019/01/15/04/09/bird-3933402__340.jpg
SAXOLA,Saxicola rubicola,,mustapäätasku,svarthakad buskskvätta,Common Stonechat,Varpuslinnut,Rastaat,https://cdn.pixabay.com/photo/2020/04/19/09/44/animal-5062719__480.jpg
OENISA,Oenanthe isabellina,,arotasku,isabellastenskvätta,Isabelline Wheatear,Varpuslinnut,Rastaat,
OENOEN,Oenanthe oenanthe,,kivitasku,stenskvätta,Northern Wheatear,Varpuslinnut,Rastaat,https://cdn.pixabay.com/photo/2021/05/09/10/04/northern-wheatear-6240420__340.jpg
OENPLE,Oenanthe pleschanka,,nunnatasku,nunnestenskvätta,Pied Wheatear,Varpuslinnut,Rastaat,
OENHIS,Oenanthe hispanica,,rusotasku,medelhavsstenskvätta,Black-eared Wheatear,Varpuslinnut,Rastaat,
OENDES,Oenanthe deserti,,aavikkotasku,ökenstenskvätta,Desert Wheatear,Varpuslinnut,Rastaat,
MONSAX,Monticola saxatilis,,kivikkorastas,stentrast,Rock Thrush,Varpuslinnut,Rastaat,
MONSOL,Monticola solitarius,,sinirastas,blåtrast,Blue Rock Thrush,Varpuslinnut,Rastaat,https://cdn.pixabay.com/photo/2021/11/09/21/12/thrush-6782380__340.jpg
ZOODAU,Zoothera dauma,,kirjorastas,guldtrast,White's Thrush,Varpuslinnut,Rastaat,https://cdn.pixabay.com/photo/2018/04/06/09/09/natural-3295287__340.jpg
CATUST,Catharus ustulatus,,korpirastas,beigekindad skogstrast,Swainson's Thrush,Varpuslinnut,Rastaat,https://cdn.pixabay.com/photo/2022/03/25/14/21/bird-7091174__480.jpg
TURTOR,Turdus torquatus,,sepelrastas,ringtrast,Ring Ouzel,Varpuslinnut,Rastaat,https://cdn.pixabay.com/photo/2021/07/23/14/51/ring-ouzel-6487499__480.jpg
TURMER,Turdus merula,,mustarastas,koltrast,Blackbird,Varpuslinnut,Rastaat,https://cdn.pixabay.com/photo/2015/12/11/13/20/bird-1088105__340.jpg
TUROBS,Turdus obscurus,,harmaakurkkurastas,gråhalsad trast,Eyebrowed Thrush,Varpuslinnut,Rastaat,https://cdn.pixabay.com/photo/2018/04/06/09/09/natural-3295288__480.jpg
TURNAU,Turdus naumanni,,ruosterastas,rödtrast,Naumann's Thrush,Varpuslinnut,Rastaat,
TUREUN,Turdus eunomus,,ruostesiipirastas,bruntrast,Dusky Thrush,Varpuslinnut,Rastaat,https://cdn.pixabay.com/photo/2022/01/31/20/04/bird-6984900__480.jpg
TURATR,Turdus atrogularis,,mustakaularastas,svarthalsad trast,Black-throated Thrush,Varpuslinnut,Rastaat,
TURPIL,Turdus pilaris,,räkättirastas,björktrast,Fieldfare,Varpuslinnut,Rastaat,https://cdn.pixabay.com/photo/2018/04/22/10/38/nature-3340675__340.jpg
TURPHI,Turdus philomelos,,laulurastas,taltrast,Song Thrush,Varpuslinnut,Rastaat,https://cdn.pixabay.com/photo/2021/05/21/12/23/song-thrush-6271022__340.jpg
TURILI,Turdus iliacus,,punakylkirastas,rödvingetrast,Redwing,Varpuslinnut,Rastaat,https://cdn.pixabay.com/photo/2018/05/07/12/03/redwing-3380694__340.jpg
TURVIS,Turdus viscivorus,,kulorastas,dubbeltrast,Mistle Thrush,Varpuslinnut,Rastaat,https://cdn.pixabay.com/photo/2020/05/01/11/02/thrush-with-food-5116465__340.jpg
PHORUS,Phoenicurus erythrogastrus,E,vuorileppälintu,bergrödstjärt,Güldenstädt's Redstart,Varpuslinnut,Rastaat,
LOCCER,Locustella certhiola,,sarasirkkalintu,starrsångare,Pallas's Grasshopper Warbler,Varpuslinnut,Kertut,
LOCLAN,Locustella lanceolata,,viirusirkkalintu,träsksångare,Lanceolated Warbler,Varpuslinnut,Kertut,
LOCNAE,Locustella naevia,,pensassirkkalintu,gräshoppsångare,Grasshopper Warbler,Varpuslinnut,Kertut,
LOCFLU,Locustella fluviatilis,,viitasirkkalintu,flodsångare,River Warbler,Varpuslinnut,Kertut,
LOCLUS,Locustella luscinioides,,ruokosirkkalintu,vassångare,Savi's Warbler,Varpuslinnut,Kertut,https://cdn.pixabay.com/photo/2019/05/13/14/11/bird-4200010__480.jpg
IDUAED,Iduna aedon,,paksunokkakerttunen,tjocknäbbad sångare,Thick-billed Warbler,Varpuslinnut,Kertut,
IDUCAL,Iduna caligata,,pikkukultarinta,stäppsångare,Booted Warbler,Varpuslinnut,Kertut,
IDURAM,Iduna rama,,aavikkokultarinta,saxaulsångare,Syke's Warbler,Varpuslinnut,Kertut,
IDUPAL,Iduna pallida,,vaaleakultarinta,eksångare,Eastern Olivaceous Warbler,Varpuslinnut,Kertut,
HIPICT,Hippolais icterina,,kultarinta,härmsångare,Icterine Warbler,Varpuslinnut,Kertut,https://cdn.pixabay.com/photo/2022/04/02/16/07/bird-7107275__480.jpg
ACROLA,Acrocephalus paludicola,,sarakerttunen,vattensångare,Aquatic Warbler,Varpuslinnut,Kertut,
ACRSCH,Acrocephalus schoenobaenus,,ruokokerttunen,sävsångare,Sedge Warbler,Varpuslinnut,Kertut,https://cdn.pixabay.com/photo/2020/06/22/08/52/sedge-warbler-5328368__340.jpg
ACRAGR,Acrocephalus agricola,,kenttäkerttunen,fältsångare,Paddyfield Warbler,Varpuslinnut,Kertut,
ACRDUM,Acrocephalus dumetorum,,viitakerttunen,busksångare,Blyth's Reed Warbler,Varpuslinnut,Kertut,https://cdn.pixabay.com/photo/2019/05/30/16/55/blyths-reed-warbler-4240223__480.jpg
ACRRIS,Acrocephalus palustris,,luhtakerttunen,kärrsångare,Marsh Warbler,Varpuslinnut,Kertut,
ACRSCI,Acrocephalus scirpaceus,,rytikerttunen,rörsångare,Reed Warbler,Varpuslinnut,Kertut,https://cdn.pixabay.com/photo/2022/05/17/05/26/great-reed-warbler-7201721__340.jpg
ACRARU,Acrocephalus arundinaceus,,rastaskerttunen,trastsångare,Great Reed Warbler,Varpuslinnut,Kertut,
SYLUND,Sylvia undata,,ruskokerttu,provencesångare,Dartford Warbler,Varpuslinnut,Kertut,
SYLCAN,Sylvia cantillans,,rusorintakerttu,rödstrupig sångare,Subalpine Warbler,Varpuslinnut,Kertut,
SYLMEL,Sylvia melanocephala,,samettipääkerttu,sammetshätta,Sardinian Warbler,Varpuslinnut,Kertut,
SYLRUP,Sylvia ruppeli,,mustakurkkukerttu,svarthakad sångare,Rüppell's Warbler,Varpuslinnut,Kertut,
SYLNAN,Sylvia nana,,kääpiökerttu,ökensångare,Asian Desert Warbler,Varpuslinnut,Kertut,
SYLNIS,Sylvia nisoria,,kirjokerttu,höksångare,Barred Warbler,Varpuslinnut,Kertut,https://cdn.pixabay.com/photo/2022/05/07/12/35/bird-7180171__480.jpg
SYLCUR,Sylvia curruca,,hernekerttu,ärtsångare,Lesser Whitethroat,Varpuslinnut,Kertut,
SYLCOM,Sylvia communis,,pensaskerttu,törnsångare,Common Whitethroat,Varpuslinnut,Kertut,https://cdn.pixabay.com/photo/2020/05/24/20/32/warbler-5216084__340.jpg
SYLBOR,Sylvia borin,,lehtokerttu,trädgårdssångare,Garden Warbler,Varpuslinnut,Kertut,
SYLATR,Sylvia atricapilla,,mustapääkerttu,svarthätta,Blackcap,Varpuslinnut,Kertut,https://cdn.pixabay.com/photo/2017/06/04/12/52/blackcap-2370991__340.jpg
PHYCOR,Phylloscopus coronatus,,amurinuunilintu,östlig kronsångare,Eastern Crowned Warbler,Varpuslinnut,Kertut,
PHYNIT,Phylloscopus nitidus,,kaukasianuunilintu,kaukasisk lundsångare,Green Warbler,Varpuslinnut,Kertut,
PHYPLU,Phylloscopus plumbeitarsus,,burjatianuunilintu,sibirisk lundsångare,Two-barred Greenish Warbler,Varpuslinnut,Kertut,
PHYDES,Phylloscopus trochiloides,,idänuunilintu,lundsångare,Greenish Warbler,Varpuslinnut,Kertut,https://cdn.pixabay.com/photo/2022/06/13/11/59/greenish-warbler-7259862__480.jpg
PHYBOR,Phylloscopus borealis,,lapinuunilintu,nordsångare,Arctic Warbler,Varpuslinnut,Kertut,
PHYEXA,Phylloscopus examinandus,,kamtšatkanunilintu,kamtjaktanordsångare,Kamchatka Leaf Warbler,Varpuslinnut,Kertut,
PHYPRO,Phylloscopus proregulus,,hippiäisuunilintu,kungsfågelsångare,Pallas's Leaf Warbler,Varpuslinnut,Kertut,
PHYINO,Phylloscopus inornatus,,taigauunilintu,tajgasångare,Yellow-browed Warbler,Varpuslinnut,Kertut,
PHYHUM,Phylloscopus humei,,kashmirinuunilintu,bergtajgasångare,Hume's Leaf Warbler,Varpuslinnut,Kertut,
PHYSCH,Phylloscopus schwarzi,,siperianuunilintu,videsångare,Radde's Warbler,Varpuslinnut,Kertut,
PHYFUS,Phylloscopus fuscatus,,ruskouunilintu,brunsångare,Dusky Warbler,Varpuslinnut,Kertut,
PHYBON,Phylloscopus bonelli,,vuoriuunilintu,bergsångare,Western Bonelli's Warbler,Varpuslinnut,Kertut,
PHYORI,Phylloscopus orientalis,,balkaninuunilintu,balkansångare,Eastern Bonelli's Warbler,Varpuslinnut,Kertut,
PHYSIB,Phylloscopus sibilatrix,,sirittäjä,grönsångare,Wood Warbler,Varpuslinnut,Kertut,
PHYCOL,Phylloscopus collybita,,tiltaltti,gransångare,Common Chiffchaff,Varpuslinnut,Kertut,https://cdn.pixabay.com/photo/2017/06/11/11/58/chiffchaff-2392212__480.jpg
PHYIBE,Phylloscopus ibericus,,iberiantiltaltti,iberisk gransångare,Iberian Chiffchaff,Varpuslinnut,Kertut,
PHYLUS,Phylloscopus trochilus,,pajulintu,lövsångare,Willow Warbler,Varpuslinnut,Kertut,https://cdn.pixabay.com/photo/2020/09/01/10/21/willow-5534810__480.jpg
REGREG,Regulus regulus,,hippiäinen,kungsfågel,Goldcrest,Varpuslinnut,Kertut,https://cdn.pixabay.com/photo/2021/03/27/18/13/goldcrest-6129204__480.jpg
REGIGN,Regulus ignicapilla,,tulipäähippiäinen,brandkronad kungsfågel,Firecrest,Varpuslinnut,Kertut,https://cdn.pixabay.com/photo/2013/12/30/22/21/firecrest-236007__340.jpg
MUSSTR,Muscicapa striata,,harmaasieppo,grå flugsnappare,Spotted Flycatcher,Varpuslinnut,Siepot,https://cdn.pixabay.com/photo/2020/07/10/05/39/spotted-flycatcher-5389623__340.jpg
FICPAR,Ficedula parva,,pikkusieppo,mindre flugsnappare,Red-breasted Flycatcher,Varpuslinnut,Siepot,https://cdn.pixabay.com/photo/2018/04/03/16/02/bird-3287152__480.jpg
FICLLA,Ficedula albicilla,,idänpikkusieppo,tajgaflugsnappare,Taiga Flycatcher,Varpuslinnut,Siepot,
FICALB,Ficedula albicollis,,sepelsieppo,halsbandsflugsnappare,Collared Flycatcher,Varpuslinnut,Siepot,https://cdn.pixabay.com/photo/2016/12/16/10/45/bird-1911056__480.jpg
FICHYP,Ficedula hypoleuca,,kirjosieppo,svartvit flugsnappare,Pied Flycatcher,Varpuslinnut,Siepot,https://cdn.pixabay.com/photo/2022/06/03/05/33/bird-7239477__480.jpg
PANBIA,Panurus biarmicus,,viiksitimali,skäggmes,Bearded Tit,Varpuslinnut,Timalit,https://cdn.pixabay.com/photo/2018/09/21/09/15/nature-conservation-3692623__340.jpg
AEGCAU,Aegithalos caudatus,,pyrstötiainen,stjärtmes,Long-tailed Tit,Varpuslinnut,Pyrstötiaiset,https://cdn.pixabay.com/photo/2020/01/22/00/32/long-tailed-tit-4784258__340.jpg
CYACYA,Cyanistes cyanus,,valkopäätiainen,azurmes,Azure Tit,Varpuslinnut,Tiaiset,
CYACAE,Cyanistes caeruleus,,sinitiainen,blåmes,Blue Tit,Varpuslinnut,Tiaiset,https://cdn.pixabay.com/photo/2020/01/25/10/35/blue-tit-4792149__340.jpg
PARMAJ,Parus major,,talitiainen,talgoxe,Great Tit,Varpuslinnut,Tiaiset,https://cdn.pixabay.com/photo/2019/12/07/19/27/tit-4679939_960_720.jpg
PERATE,Periparus ater,,kuusitiainen,svartmes,Coal Tit,Varpuslinnut,Tiaiset,https://cdn.pixabay.com/photo/2019/12/21/11/50/coal-tit-4710324__480.jpg
LOPCRI,Lophophanes cristatus,,töyhtötiainen,tofsmes,Crested Tit,Varpuslinnut,Tiaiset,https://cdn.pixabay.com/photo/2017/12/22/17/38/nature-3033984__340.jpg
POEPAL,Poecile palustris,,viitatiainen,entita,Marsh Tit,Varpuslinnut,Tiaiset,https://cdn.pixabay.com/photo/2020/07/24/14/28/bird-5434160__480.jpg
POEMON,Poecile montanus,,hömötiainen,talltita,Willow Tit,Varpuslinnut,Tiaiset,https://cdn.pixabay.com/photo/2020/02/27/21/51/willow-tit-4885941_960_720.jpg
POECIN,Poecile cinctus,,lapintiainen,lappmes,Siberian Tit,Varpuslinnut,Tiaiset,https://cdn.pixabay.com/photo/2013/04/03/21/43/bird-100289_960_720.jpg
SITEUR,Sitta europaea,,pähkinänakkeli,nötväcka,Eurasian Nuthatch,Varpuslinnut,Pähkinänakkelit,https://cdn.pixabay.com/photo/2015/08/31/12/58/bird-915435__480.jpg
CERFAM,Certhia familiaris,,puukiipijä,trädkrypare,Eurasian Treecreeper,Varpuslinnut,Puukiipijät,https://cdn.pixabay.com/photo/2021/02/02/20/03/eurasian-treecreeper-5975165__340.jpg
REMPEN,Remiz pendulinus,,pussitiainen,pungmes,Penduline Tit,Varpuslinnut,Pussitiaiset,
ORIORI,Oriolus oriolus,,kuhankeittäjä,sommargylling,Golden Oriole,Varpuslinnut,Kuhankeittäjät,https://cdn.pixabay.com/photo/2013/08/22/07/49/indian-golden-oriole-174652__480.jpg
LANCRI,Lanius cristatus,,siperianlepinkäinen,brun törnskata,Brown Shrike,Varpuslinnut,Lepinkäiset,https://cdn.pixabay.com/photo/2018/04/09/00/35/wildlife-3302937__340.jpg
LANISA,Lanius isabellinus,,punapyrstölepinkäinen,isabellatörnskata,Isabelline Shrike,Varpuslinnut,Lepinkäiset,
LANCOL,Lanius collurio,,pikkulepinkäinen,törnskata,Red-backed Shrike,Varpuslinnut,Lepinkäiset,https://cdn.pixabay.com/photo/2022/06/19/20/08/red-backed-slayer-7272646__340.jpg
LANMIN,Lanius minor,,mustaotsalepinkäinen,svartpannad törnskata,Lesser Grey Shrike,Varpuslinnut,Lepinkäiset,https://cdn.pixabay.com/photo/2019/10/18/01/18/lesser-grey-shrike-4558026__480.jpg
LANEXC,Lanius excubitor,,isolepinkäinen,varfågel,Great Grey Shrike,Varpuslinnut,Lepinkäiset,
LANMER,Lanius meridionalis,,etelänisolepinkäinen,ökenvarfågel,Southern Grey Shrike,Varpuslinnut,Lepinkäiset,https://cdn.pixabay.com/photo/2020/02/27/02/22/bird-4883170__480.jpg
LANSEN,Lanius senator,,punapäälepinkäinen,rödhuvad törnskata,Woodchat Shrike,Varpuslinnut,Lepinkäiset,
LANNUB,Lanius nubicus,,valko-otsalepinkäinen,masktörnskata,Masked Shrike,Varpuslinnut,Lepinkäiset,
GARGLA,Garrulus glandarius,,närhi,nötskrika,Eurasian Jay,Varpuslinnut,Varikset,https://cdn.pixabay.com/photo/2018/03/20/05/00/wild-animals-3242202__480.jpg
PERINF,Perisoreus infaustus,,kuukkeli,lavskrika,Siberian Jay,Varpuslinnut,Varikset,https://cdn.pixabay.com/photo/2018/04/26/14/49/siberian-jay-3352108__480.jpg
PICPIC,Pica pica,,harakka,skata,Common Magpie,Varpuslinnut,Varikset,https://cdn.pixabay.com/photo/2019/05/19/02/11/magpie-4213075__340.jpg
NUCCAR,Nucifraga caryocatactes,,pähkinähakki,nötkråka,Nutcracker,Varpuslinnut,Varikset,https://cdn.pixabay.com/photo/2018/03/22/02/03/bird-3249028__340.jpg
CORMON,Corvus monedula,,naakka,kaja,Jackdaw,Varpuslinnut,Varikset,https://cdn.pixabay.com/photo/2018/10/14/20/06/jackdaw-3747346__340.jpg
CORDAU,Corvus dauuricus,B,idännaakka,klippkaja,Daurian Jackdaw,Varpuslinnut,Varikset,
CORFRU,Corvus frugilegus,,mustavaris,råka,Rook,Varpuslinnut,Varikset,https://cdn.pixabay.com/photo/2020/04/30/17/36/bird-5113827__340.jpg
CORNIX,Corvus corone cornix,,varis,kråka,Hooded Crow,Varpuslinnut,Varikset,https://cdn.pixabay.com/photo/2022/04/21/14/48/bird-7147664__340.jpg
CORRAX,Corvus corax,,korppi,korp,Raven,Varpuslinnut,Varikset,https://cdn.pixabay.com/photo/2013/09/23/20/11/raven-185440__340.jpg
TICMUR,Tichodroma muraria,E,kalliokiipijä,murkrypare,Wallcreeper,Varpuslinnut,Kalliokiipijät,
STUVUL,Sturnus vulgaris,,kottarainen,stare,Common Starling,Varpuslinnut,Kottaraiset,https://cdn.pixabay.com/photo/2016/11/23/01/07/starling-1851604__480.jpg
PASROS,Pastor roseus,,punakottarainen,rosenstare,Rose-coloured Starling,Varpuslinnut,Kottaraiset,https://cdn.pixabay.com/photo/2017/04/16/16/04/bird-2235090__480.jpg
STUSIN,Sturnus sinensis,E,kiinankottarainen,mandarinstare,White-shouldered Starling,Varpuslinnut,Kottaraiset,
STUCIN,Sturnus cineraceus,E,viirupääkottarainen,gråstare,White-cheeked Starling,Varpuslinnut,Kottaraiset,https://cdn.pixabay.com/photo/2018/04/05/10/00/bird-3292335__340.jpg
ACRTRI,Acridotheres tristis,E,pihamaina,brun majna,Common Myna,Varpuslinnut,Kottaraiset,https://cdn.pixabay.com/photo/2016/05/02/12/02/bird-1367119__480.jpg
PASDOM,Passer domesticus,,varpunen,gråsparv,House Sparrow,Varpuslinnut,Varpuset,https://cdn.pixabay.com/photo/2021/06/01/07/03/sparrow-6300790__340.jpg
PASHIS,Passer hispaniolensis,,pensasvarpunen,spansk sparv,Spanish Sparrow,Varpuslinnut,Varpuset,https://cdn.pixabay.com/photo/2020/01/23/12/37/sparrow-4787606__340.jpg
PASMON,Passer montanus,,pikkuvarpunen,pilfink,Tree Sparrow,Varpuslinnut,Varpuset,https://cdn.pixabay.com/photo/2013/04/09/12/40/tree-sparrow-102189__480.jpg
FRICOE,Fringilla coelebs,,peippo,bofink,Chaffinch,Varpuslinnut,Peipot,https://cdn.pixabay.com/photo/2016/05/27/18/31/chaffinch-1420407__480.jpg
FRIMON,Fringilla montifringilla,,järripeippo,bergfink,Brambling,Varpuslinnut,Peipot,https://cdn.pixabay.com/photo/2021/11/14/15/16/bird-6794802__340.jpg
SERSER,Serinus serinus,,keltahemppo,gulhämpling,European Serin,Varpuslinnut,Peipot,
SERCIT,Serinus citrinella,,sitruunahemppo,citronsiska,Citril Finch,Varpuslinnut,Peipot,
CARCHL,Carduelis chloris,,viherpeippo,grönfink,Greenfinch,Varpuslinnut,Peipot,https://cdn.pixabay.com/photo/2018/03/10/12/12/animal-world-3213940__340.jpg
CARCAR,Carduelis carduelis,,tikli,steglits,Goldfinch,Varpuslinnut,Peipot,https://cdn.pixabay.com/photo/2019/05/27/08/31/goldfinch-4232130__340.jpg
CARSPI,Carduelis spinus,,vihervarpunen,grönsiska,Siskin,Varpuslinnut,Peipot,https://cdn.pixabay.com/photo/2016/02/14/22/56/bird-1200473__340.jpg
CARCAN,Carduelis cannabina,,hemppo,hämpling,Linnet,Varpuslinnut,Peipot,https://cdn.pixabay.com/photo/2022/05/08/18/33/bird-7182727__340.jpg
CARRIS,Carduelis flavirostris,,vuorihemppo,vinterhämpling,Twite,Varpuslinnut,Peipot,
CARMEA,Carduelis flammea,,urpiainen,gråsiska,Common Redpoll,Varpuslinnut,Peipot,https://cdn.pixabay.com/photo/2022/04/03/23/39/bird-7110038__340.jpg
CARHOR,Carduelis hornemanni,,tundraurpiainen,snösiska,Arctic Redpoll,Varpuslinnut,Peipot,
LOXLEU,Loxia leucoptera,,kirjosiipikäpylintu,bändelkorsnäbb,Two-barred Crossbill,Varpuslinnut,Peipot,
LOXCUR,Loxia curvirostra,,pikkukäpylintu,mindre korsnäbb,Common Crossbill,Varpuslinnut,Peipot,https://cdn.pixabay.com/photo/2022/01/24/04/16/red-crossbill-6962488__480.jpg
LOXPYT,Loxia pytyopsittacus,,isokäpylintu,större korsnäbb,Parrot Crossbill,Varpuslinnut,Peipot,
BUCGIT,Bucanetes githagineus,,aavikkotulkku,ökentrumpetare,Trumpeter Finch,Varpuslinnut,Peipot,https://cdn.pixabay.com/photo/2020/10/31/12/11/trumpeter-finch-5701016__480.jpg
CARERY,Carpodacus erythrinus,,punavarpunen,rosenfink,Common Rosefinch,Varpuslinnut,Peipot,https://cdn.pixabay.com/photo/2022/03/03/22/23/bird-7046198__340.jpg
PINENU,Pinicola enucleator,,taviokuurna,tallbit,Pine Grosbeak,Varpuslinnut,Peipot,https://cdn.pixabay.com/photo/2022/01/23/19/17/pine-grosbeak-6961718__340.jpg
PYRPYR,Pyrrhula pyrrhula,,punatulkku,domherre,Bullfinch,Varpuslinnut,Peipot,https://cdn.pixabay.com/photo/2016/03/20/23/24/bullfinch-1269677__340.jpg
COCCOC,Coccothraustes coccothraustes,,nokkavarpunen,stenknäck,Hawfinch,Varpuslinnut,Peipot,https://cdn.pixabay.com/photo/2022/01/05/18/16/hawfinch-6917724__480.jpg
URASIB,Uragus sibiricus,E,pyrstötulkku,långstjärtad rosenfink,Long-tailed Rosefinch,Varpuslinnut,Peipot,
EOPPER,Eophona personata,E,japaninnokkavarpunen,större maskstenknäck,Japanese Grosbeak,Varpuslinnut,Peipot,
DENSTR,Dendroica striata,,viirukerttuli,vitkindad skogssångare,Blackpoll Warbler,Varpuslinnut,Kerttulit,https://cdn.pixabay.com/photo/2022/04/25/13/02/warblers-7155907__340.jpg
PASILI,Passerella iliaca,,kettusirkku,rävsparv,Fox Sparrow,Varpuslinnut,Sirkut,https://cdn.pixabay.com/photo/2022/03/23/12/25/bird-7087113__340.jpg
ZONALB,Zonotrichia albicollis,,valkokurkkusirkku,vitstrupig sparv,White-throated Sparrow,Varpuslinnut,Sirkut,
CALLAP,Calcarius lapponicus,,lapinsirkku,lappsparv,Lapland Bunting,Varpuslinnut,Sirkut,
PLENIV,Plectrophenax nivalis,,pulmunen,snösparv,Snow Bunting,Varpuslinnut,Sirkut,
EMBSPO,Emberiza spodocephala,,harmaapääsirkku,gråhuvad sparv,Black-faced Bunting,Varpuslinnut,Sirkut,https://cdn.pixabay.com/photo/2018/04/07/14/36/bird-3298638__340.jpg
EMBLEU,Emberiza leucocephalos,,mäntysirkku,tallsparv,Pine Bunting,Varpuslinnut,Sirkut,
EMBCIT,Emberiza citrinella,,keltasirkku,gulsparv,Yellowhammer,Varpuslinnut,Sirkut,https://cdn.pixabay.com/photo/2022/02/19/17/16/bird-7023138__340.jpg
EMBHOR,Emberiza hortulana,,peltosirkku,ortolansparv,Ortolan Bunting,Varpuslinnut,Sirkut,
EMBBUC,Emberiza buchanani,,kivikkosirkku,bergortolan,Grey-necked Bunting,Varpuslinnut,Sirkut,
EMBCAE,Emberiza caesia,,ruostekurkkusirkku,rostsparv,Cretzschmar's Bunting,Varpuslinnut,Sirkut,
EMBRUS,Emberiza rustica,,pohjansirkku,videsparv,Rustic Bunting,Varpuslinnut,Sirkut,
EMBPUS,Emberiza pusilla,,pikkusirkku,dvärgsparv,Little Bunting,Varpuslinnut,Sirkut,
EMBRUT,Emberiza rutila,,kastanjasirkku,rödbrun sparv,Chestnut Bunting,Varpuslinnut,Sirkut,
EMBAUR,Emberiza aureola,,kultasirkku,gyllensparv,Yellow-breasted Bunting,Varpuslinnut,Sirkut,
EMBSCH,Emberiza schoeniclus,,pajusirkku,sävsparv,Reed Bunting,Varpuslinnut,Sirkut,https://cdn.pixabay.com/photo/2020/03/01/16/14/bird-4893314__340.jpg
EMBPAL,Emberiza pallasi,,pikkupajusirkku,dvärgsävsparv,Pallas's Reed Bunting,Varpuslinnut,Sirkut,
EMBBRU,Emberiza bruniceps,,ruskopääsirkku,stäppsparv,Red-headed Bunting,Varpuslinnut,Sirkut,
EMBMEL,Emberiza melanocephala,,mustapääsirkku,svarthuvad sparv,Black-headed Bunting,Varpuslinnut,Sirkut,https://cdn.pixabay.com/photo/2016/12/16/10/52/bird-1911061__480.jpg
EMBCAL,Emberiza calandra,,harmaasirkku,kornsparv,Corn Bunting,Varpuslinnut,Sirkut,
EMBCIO,Emberiza cioides,E,niittysirkku,ängssparv,Meadow Bunting,Varpuslinnut,Sirkut,
EMBELE,Emberiza elegans,E,kultatöyhtösirkku,praktsparv,Yellow-throated Bunting,Varpuslinnut,Sirkut,
PASCYA,Passerina cyanea,D,indigokardinaali,indigofink,Indigo Bunting,Varpuslinnut,Sirkut,
PASAMO,Passerina amoena,E,turkoosikardinaali,lazulifink,Lazuli Bunting,Varpuslinnut,Sirkut,
PASCIR,Passerina ciris,E,sateenkaarikardinaali,påvefink,Painted Bunting,Varpuslinnut,Sirkut,https://cdn.pixabay.com/photo/2022/03/12/14/04/painted-bunting-7064255__340.jpg
